"CUSTOMER_BUSINESS_ID","CUSTOMER_NAME","ADDRESS_LINE_1","CITY","POSTAL_CODE","STATE","ADDRESS_LINE_2","COUNTRY","COUNTY","CUSTOMER_FULL_DETAIL","PHONE","POSTALCODE_EXTENSION"
"CUS0000000011","Sargent Elementary School","400 N 5TH ST","SARGENT","68874-6104","US-NE","","US",,"Sargent Elementary School, 400 N 5TH ST, SARGENT, US-NE, 68874-6104",,
"CUS0000000022","Early Learning Center","9215 29TH ST NE","LAKE STEVENS","98258-4200","US-WA","","US",,"Early Learning Center, 9215 29TH ST NE, LAKE STEVENS, US-WA, 98258-4200",,
"CUS0000000033","Eagle'S Landing Christian Acad","2400 HIGHWAY 42 N","MCDONOUGH","30253-4738","US-GA","","US",,"Eagle'S Landing Christian Acad, 2400 HIGHWAY 42 N, MCDONOUGH, US-GA, 30253-4738",,
"CUS0000000044","Early Childhood Center","905 CARLISLE RD","BATAVIA","60510-3024","US-IL","","US",,"Early Childhood Center, 905 CARLISLE RD, BATAVIA, US-IL, 60510-3024",,
"CUS0000000055","West Elementary School","2350 OSAGE ST","SIDNEY","69162-1875","US-NE","","US",,"West Elementary School, 2350 OSAGE ST, SIDNEY, US-NE, 69162-1875",,
"CUS0000000066","Garden City Community College","801 N CAMPUS DR","GARDEN CITY","67846-6333","US-KS","","US",,"Garden City Community College, 801 N CAMPUS DR, GARDEN CITY, US-KS, 67846-6333",,
"CUS0000000077","Bedford Central School Dist","632 S BEDFORD RD","BEDFORD","10506","US-NY","","US",,"Bedford Central School Dist, 632 S BEDFORD RD, BEDFORD, US-NY, 10506",,
"CUS0000000088","Elm Grove Lutheran School","945 TERRACE DR","ELM GROVE","53122-2035","US-WI","","US",,"Elm Grove Lutheran School, 945 TERRACE DR, ELM GROVE, US-WI, 53122-2035",,
"CUS0000000099","Colegio Ntra Sra de La Altagracia","PO BOX 29493","SAN JUAN","00929-0493","US-PR","","US",,"Colegio Ntra Sra de La Altagracia, PO BOX 29493, SAN JUAN, US-PR, 00929-0493",,
"CUS000000010A","Prairie Home R5 School","301 HIGHWAY DR","PRAIRIE HOME","65068-2333","US-MO","","US",,"Prairie Home R5 School, 301 HIGHWAY DR, PRAIRIE HOME, US-MO, 65068-2333",,
"CUS000000011B","Franklin High School","100 PANTHER DR","FRANKLIN","28734-2785","US-NC","","US",,"Franklin High School, 100 PANTHER DR, FRANKLIN, US-NC, 28734-2785",,
"CUS000000012C","San Antonio School","67550 LOCKWOOD/JOLON RD","LOCKWOOD","93932-5000","US-CA","","US",,"San Antonio School, 67550 LOCKWOOD/JOLON RD, LOCKWOOD, US-CA, 93932-5000",,
"CUS000000013D","Ecole Primaire Larocque","910 RUE LAROCQUE","SHERBROOKE","J1H 4R6","CA-QC","","CA",,"Ecole Primaire Larocque, 910 RUE LAROCQUE, SHERBROOKE, CA-QC, J1H 4R6",,
"CUS000000014E","Ross Early Learning Center","601 MCFERRIN AVE","NASHVILLE","37206-3521","US-TN","","US",,"Ross Early Learning Center, 601 MCFERRIN AVE, NASHVILLE, US-TN, 37206-3521",,
"CUS000000015F","Minnedosa Adlt Learning Centre","PO BOX 1170","MINNEDOSA","R0J 1E0","CA-MB","","CA",,"Minnedosa Adlt Learning Centre, PO BOX 1170, MINNEDOSA, CA-MB, R0J 1E0",,
"CUS000000016G","Macomb Intermediate Sch Dist","44001 GARFIELD RD","CLINTON TOWNSHIP","48038-1100","US-MI","","US",,"Macomb Intermediate Sch Dist, 44001 GARFIELD RD, CLINTON TOWNSHIP, US-MI, 48038-1100",,
"CUS000000017H","Lakeshore High School","1 TITAN TRCE","MANDEVILLE","70448-7418","US-LA","","US",,"Lakeshore High School, 1 TITAN TRCE, MANDEVILLE, US-LA, 70448-7418",,
"CUS000000018I","Rio Lindo Adventist Academy","3200 RIO LINDO AVE","HEALDSBURG","95448-9411","US-CA","","US",,"Rio Lindo Adventist Academy, 3200 RIO LINDO AVE, HEALDSBURG, US-CA, 95448-9411",,
"CUS000000019J","Leroy-Ostrander School","406 W MAIN ST","LE ROY","55951-6750","US-MN","","US",,"Leroy-Ostrander School, 406 W MAIN ST, LE ROY, US-MN, 55951-6750",,
"CUS000000020K","Glasscock County Ind Sch District","240 BEARKAT LN","GARDEN CITY","79739-2103","US-TX","","US",,"Glasscock County Ind Sch District, 240 BEARKAT LN, GARDEN CITY, US-TX, 79739-2103",,
"CUS000000021L","Iowa Ctrl Cmty Clg-Storm Lake","916 RUSSELL ST","STORM LAKE","50588-2018","US-IA","","US",,"Iowa Ctrl Cmty Clg-Storm Lake, 916 RUSSELL ST, STORM LAKE, US-IA, 50588-2018",,
"CUS000000022M","Muskegon Correctional Fac","2400 S SHERIDAN DR","MUSKEGON","49442-6240","US-MI","","US",,"Muskegon Correctional Fac, 2400 S SHERIDAN DR, MUSKEGON, US-MI, 49442-6240",,
"CUS000000023N","Perth Amboy High School","300 EAGLE AVE","PERTH AMBOY","08861-2711","US-NJ","","US",,"Perth Amboy High School, 300 EAGLE AVE, PERTH AMBOY, US-NJ, 08861-2711",,
"CUS000000024O","Coral Springs Middle School","10300 WILES RD","CORAL SPRINGS","33076-2003","US-FL","","US",,"Coral Springs Middle School, 10300 WILES RD, CORAL SPRINGS, US-FL, 33076-2003",,
"CUS000000025P","Woodford County Public Schools","330 PISGAH PIKE","VERSAILLES","40383-9214","US-KY","","US",,"Woodford County Public Schools, 330 PISGAH PIKE, VERSAILLES, US-KY, 40383-9214",,
"CUS000000026Q","Forest Avenue School","287 FOREST AVE","GLEN RIDGE","07028-1818","US-NJ","","US",,"Forest Avenue School, 287 FOREST AVE, GLEN RIDGE, US-NJ, 07028-1818",,
"CUS000000027R","University Park Creative Arts","2400 HILDEBRAND ST","CHARLOTTE","28216-4443","US-NC","","US",,"University Park Creative Arts, 2400 HILDEBRAND ST, CHARLOTTE, US-NC, 28216-4443",,
"CUS000000028S","Paynesville Area Schools","217 W MILL ST","PAYNESVILLE","56362-1444","US-MN","","US",,"Paynesville Area Schools, 217 W MILL ST, PAYNESVILLE, US-MN, 56362-1444",,
"CUS000000029T","Bella Beauty College-South","623 W BEN WHITE BLVD","AUSTIN","78704-7031","US-TX","","US",,"Bella Beauty College-South, 623 W BEN WHITE BLVD, AUSTIN, US-TX, 78704-7031",,
"CUS000000030U","Terra Linda Elementary School","1998 NW 143RD AVE","PORTLAND","97229-4304","US-OR","","US",,"Terra Linda Elementary School, 1998 NW 143RD AVE, PORTLAND, US-OR, 97229-4304",,
"CUS000000031V","Belle Vernon Area School Dist","270 CREST AVE","BELLE VERNON","15012-4200","US-PA","","US",,"Belle Vernon Area School Dist, 270 CREST AVE, BELLE VERNON, US-PA, 15012-4200",,
"CUS000000032W","Life University","995 ROSWELL ST NE","MARIETTA","30060-2151","US-GA","","US",,"Life University, 995 ROSWELL ST NE, MARIETTA, US-GA, 30060-2151",,
"CUS000000033X","Chatfield Elementary School","11555 HILLSIDE DR SE","CHATFIELD","55923-1485","US-MN","","US",,"Chatfield Elementary School, 11555 HILLSIDE DR SE, CHATFIELD, US-MN, 55923-1485",,
"CUS000000034Y","Santa Fe Community College","6401 S RICHARDS AVE","SANTA FE","87508-4887","US-NM","","US",,"Santa Fe Community College, 6401 S RICHARDS AVE, SANTA FE, US-NM, 87508-4887",,
"CUS000000035Z","Jennifer Pendley","9633 ADAMS ST","ELK GROVE","95624-2304","US-CA","","US",,"Jennifer Pendley, 9633 ADAMS ST, ELK GROVE, US-CA, 95624-2304",,
"CUS0000000360","Greenville Elementary School","W6822 GREENRIDGE DR","GREENVILLE","54942-9645","US-WI","","US",,"Greenville Elementary School, W6822 GREENRIDGE DR, GREENVILLE, US-WI, 54942-9645",,
"CUS0000000371","Freeport High School","50 S BROOKSIDE AVE","FREEPORT","11520-3144","US-NY","","US",,"Freeport High School, 50 S BROOKSIDE AVE, FREEPORT, US-NY, 11520-3144",,
"CUS0000000382","Kenton Middle School","300 ORIENTAL ST","KENTON","43326-1670","US-OH","","US",,"Kenton Middle School, 300 ORIENTAL ST, KENTON, US-OH, 43326-1670",,
"CUS0000000393","New Creations Christian School","6412 NATIONAL RD E","RICHMOND","47374-2627","US-IN","","US",,"New Creations Christian School, 6412 NATIONAL RD E, RICHMOND, US-IN, 47374-2627",,
"CUS0000000404","Grafton Public Schools","30 PROVIDENCE ROAD","GRAFTON","01519-1511","US-MA","","US",,"Grafton Public Schools, 30 PROVIDENCE ROAD, GRAFTON, US-MA, 01519-1511",,
"CUS0000000415","Mt Garfield Middle School","3475 FRONT ST","CLIFTON","81520-8405","US-CO","","US",,"Mt Garfield Middle School, 3475 FRONT ST, CLIFTON, US-CO, 81520-8405",,
"CUS0000000426","Calvert Elementary School","79 BRICK MEETING HOUSE RD","RISING SUN","21911-1704","US-MD","","US",,"Calvert Elementary School, 79 BRICK MEETING HOUSE RD, RISING SUN, US-MD, 21911-1704",,
"CUS0000000437","Gause Ind School District","400 COLLEGE STREET","GAUSE","77857-7334","US-TX","","US",,"Gause Ind School District, 400 COLLEGE STREET, GAUSE, US-TX, 77857-7334",,
"CUS0000000448","Herbert Hoover High School","651 GLENWOOD RD","GLENDALE","91202-1552","US-CA","","US",,"Herbert Hoover High School, 651 GLENWOOD RD, GLENDALE, US-CA, 91202-1552",,
"CUS0000000459","Manchester Twp School District","121 ROUTE 539","WHITING","08759-1275","US-NJ","","US",,"Manchester Twp School District, 121 ROUTE 539, WHITING, US-NJ, 08759-1275",,
"CUS000000046A","Berean Christian Academy","3060 MOODY AVE","ORANGE PARK","32065-6805","US-FL","","US",,"Berean Christian Academy, 3060 MOODY AVE, ORANGE PARK, US-FL, 32065-6805",,
"CUS000000047B","Vernon College-Sheppard","426 5TH AVE STE 8","SHEPPARD AFB","76311","US-TX","","US",,"Vernon College-Sheppard, 426 5TH AVE STE 8, SHEPPARD AFB, US-TX, 76311",,
"CUS000000048C","Stephenson Jr Sr High School","W526 DIVISION ST","STEPHENSON","49887-5105","US-MI","","US",,"Stephenson Jr Sr High School, W526 DIVISION ST, STEPHENSON, US-MI, 49887-5105",,
"CUS000000049D","Utah County Academy of Sciences","940 W 800 S","OREM","84058-5915","US-UT","","US",,"Utah County Academy of Sciences, 940 W 800 S, OREM, US-UT, 84058-5915",,
"CUS000000050E","Yew Wah Intl Education School","???9YANTAI ECONOMIC AND TECH","???","264006",,"","CN",,"Yew Wah Intl Education School, ???9YANTAI ECONOMIC AND TECH, ???, 264006",,
"CUS000000051F","Edward E Drew Middle School","501 CAMBRIDGE ST","FALMOUTH","22405-1421","US-VA","","US",,"Edward E Drew Middle School, 501 CAMBRIDGE ST, FALMOUTH, US-VA, 22405-1421",,
"CUS000000052G","Loyola Elementary School","1801 LUDLAM DR","MIAMI SPRINGS","33166-3165","US-FL","","US",,"Loyola Elementary School, 1801 LUDLAM DR, MIAMI SPRINGS, US-FL, 33166-3165",,
"CUS000000053H","Harford Hills Elem School","8902 OLD HARFORD RD","BALTIMORE","21234-2646","US-MD","","US",,"Harford Hills Elem School, 8902 OLD HARFORD RD, BALTIMORE, US-MD, 21234-2646",,
"CUS000000054I","International School of London","GEORGE ROAD","KINGSTON UPON THAMES","KT2 7PE",,"","GB",,"International School of London, GEORGE ROAD, KINGSTON UPON THAMES, KT2 7PE",,
"CUS000000055J","Canyon View Elementary School","5725 N SABINO CANYON RD","TUCSON","85750-0958","US-AZ","","US",,"Canyon View Elementary School, 5725 N SABINO CANYON RD, TUCSON, US-AZ, 85750-0958",,
"CUS000000056K","El Rodeo Elementary School","624 N REXFORD DR","BEVERLY HILLS","90210-3312","US-CA","","US",,"El Rodeo Elementary School, 624 N REXFORD DR, BEVERLY HILLS, US-CA, 90210-3312",,
"CUS000000057L","Northfield Elementary School","9125 NORTHFIELD RD","ELLICOTT CITY","21042-5998","US-MD","","US",,"Northfield Elementary School, 9125 NORTHFIELD RD, ELLICOTT CITY, US-MD, 21042-5998",,
"CUS000000058M","Wall Township Public Schools","1620 18TH AVE","WALL TOWNSHIP","07719-3744","US-NJ","","US",,"Wall Township Public Schools, 1620 18TH AVE, WALL TOWNSHIP, US-NJ, 07719-3744",,
"CUS000000059N","Central Dewitt Cmty Sch Dist","331 E 8TH ST","DE WITT","52742-1736","US-IA","","US",,"Central Dewitt Cmty Sch Dist, 331 E 8TH ST, DE WITT, US-IA, 52742-1736",,
"CUS000000060O","Renaissance Cs at Chickasaw","8203 VALENCIA COLLEGE LN","ORLANDO","32825-3242","US-FL","","US",,"Renaissance Cs at Chickasaw, 8203 VALENCIA COLLEGE LN, ORLANDO, US-FL, 32825-3242",,
"CUS000000061P","Lincoln-Bassett Cmty School","130 BASSETT ST","NEW HAVEN","06511-1879","US-CT","","US",,"Lincoln-Bassett Cmty School, 130 BASSETT ST, NEW HAVEN, US-CT, 06511-1879",,
"CUS000000062Q","Fred Weibel Elementary School","45135 S GRIMMER BLVD","FREMONT","94539-6631","US-CA","","US",,"Fred Weibel Elementary School, 45135 S GRIMMER BLVD, FREMONT, US-CA, 94539-6631",,
"CUS000000063R","Southside Elementary School","100 ACADEMIC DR","MORRISON","61270-2954","US-IL","","US",,"Southside Elementary School, 100 ACADEMIC DR, MORRISON, US-IL, 61270-2954",,
"CUS000000064S","Europa Language School","CHAUSSEE DE WATERLOO 717A","BRUSSELS","1000",,"","BE",,"Europa Language School, CHAUSSEE DE WATERLOO 717A, BRUSSELS, 1000",,
"CUS000000065T","Hazlehurst City Sch District","119 ROBERT MCDANIEL DR","HAZLEHURST","39083-4601","US-MS","","US",,"Hazlehurst City Sch District, 119 ROBERT MCDANIEL DR, HAZLEHURST, US-MS, 39083-4601",,
"CUS000000066U","Wilma Upchurch Elementary Sch","8686 S 165TH ST","OMAHA","68136-1355","US-NE","","US",,"Wilma Upchurch Elementary Sch, 8686 S 165TH ST, OMAHA, US-NE, 68136-1355",,
"CUS000000067V","Aberdeen School District 6-1","640 9TH AVE SW","ABERDEEN","57401-5802","US-SD","","US",,"Aberdeen School District 6-1, 640 9TH AVE SW, ABERDEEN, US-SD, 57401-5802",,
"CUS000000068W","Lynnwood Elementary School","8 REGINA DR","SCHENECTADY","12303-5437","US-NY","","US",,"Lynnwood Elementary School, 8 REGINA DR, SCHENECTADY, US-NY, 12303-5437",,
"CUS000000069X","Gravette Upper Elementary Sch","500 8TH AVE SE","GRAVETTE","72736-8742","US-AR","","US",,"Gravette Upper Elementary Sch, 500 8TH AVE SE, GRAVETTE, US-AR, 72736-8742",,
"CUS000000070Y","Corning Union High School","643 BLACKBURN AVE","CORNING","96021-2299","US-CA","","US",,"Corning Union High School, 643 BLACKBURN AVE, CORNING, US-CA, 96021-2299",,
"CUS000000071Z","Corning Union High School","643 BLACKBURN AVE","CORNING","96021-2216","US-CA","","US",,"Corning Union High School, 643 BLACKBURN AVE, CORNING, US-CA, 96021-2216",,
"CUS0000000720","Phelps Luck Elementary School","5370 OLD STONE CT","COLUMBIA","21045-2499","US-MD","","US",,"Phelps Luck Elementary School, 5370 OLD STONE CT, COLUMBIA, US-MD, 21045-2499",,
"CUS0000000731","Capt Samuel Douglass Academy","24 TOWNSEND HILL RD","BROOKLINE","03033-2013","US-NH","","US",,"Capt Samuel Douglass Academy, 24 TOWNSEND HILL RD, BROOKLINE, US-NH, 03033-2013",,
"CUS0000000742","Mountain Park Elem School","1500 POUNDS RD SW","LILBURN","30047-6708","US-GA","","US",,"Mountain Park Elem School, 1500 POUNDS RD SW, LILBURN, US-GA, 30047-6708",,
"CUS0000000753","Ecole Saint Joseph","616 RUE SAINT-GEORGES","SAINT-JEROME","J7Z 5B9","CA-QC","","CA",,"Ecole Saint Joseph, 616 RUE SAINT-GEORGES, SAINT-JEROME, CA-QC, J7Z 5B9",,
"CUS0000000764","Bonita Country Day School","625 OTAY LAKES RD","CHULA VISTA","91913-1006","US-CA","","US",,"Bonita Country Day School, 625 OTAY LAKES RD, CHULA VISTA, US-CA, 91913-1006",,
"CUS0000000775","Lsia Language Center Gjirokaster","VILA PAPAVANGJELI","GJIROKASTER","",,"","AL",,"Lsia Language Center Gjirokaster, VILA PAPAVANGJELI, GJIROKASTER",,
"CUS0000000786","Granville T Woods Acad-Innov","3824 AUSTIN PEAY HWY","MEMPHIS","38128-3722","US-TN","","US",,"Granville T Woods Acad-Innov, 3824 AUSTIN PEAY HWY, MEMPHIS, US-TN, 38128-3722",,
"CUS0000000797","Deretchin Elementary School","11000 MERIT OAKS DR","THE WOODLANDS","77382-1455","US-TX","","US",,"Deretchin Elementary School, 11000 MERIT OAKS DR, THE WOODLANDS, US-TX, 77382-1455",,
"CUS0000000808","Oologah Upper Elem School","10700 S HIGHWAY 169","OOLOGAH","74053-3346","US-OK","","US",,"Oologah Upper Elem School, 10700 S HIGHWAY 169, OOLOGAH, US-OK, 74053-3346",,
"CUS0000000819","Hunley Park Elementary School","1000 MICHIGAN AVE","CHARLESTON AFB","29404-2020","US-SC","","US",,"Hunley Park Elementary School, 1000 MICHIGAN AVE, CHARLESTON AFB, US-SC, 29404-2020",,
"CUS000000082A","Wakonda Elementary School","4845 CURTIS AVE","OMAHA","68104-1300","US-NE","","US",,"Wakonda Elementary School, 4845 CURTIS AVE, OMAHA, US-NE, 68104-1300",,
"CUS000000083B","Edward E Drew Middle School","501 CAMBRIDGE ST","FREDERICKSBURG","22405-1421","US-VA","","US",,"Edward E Drew Middle School, 501 CAMBRIDGE ST, FREDERICKSBURG, US-VA, 22405-1421",,
"CUS000000084C","Hunley Park Elementary School","1000 MICHIGAN AVE","CHARLESTON","29404-2020","US-SC","","US",,"Hunley Park Elementary School, 1000 MICHIGAN AVE, CHARLESTON, US-SC, 29404-2020",,
"CUS000000085D","Rosemary Kennedy School","2850 N JERUSALEM RD","WANTAGH","11793-1125","US-NY","","US",,"Rosemary Kennedy School, 2850 N JERUSALEM RD, WANTAGH, US-NY, 11793-1125",,
"CUS000000086E","Ingalls Jr Sr High School","100 BULLDOG DR","INGALLS","67853-9111","US-KS","","US",,"Ingalls Jr Sr High School, 100 BULLDOG DR, INGALLS, US-KS, 67853-9111",,
"CUS000000087F","Estes Hills Elementary School","500 N ESTES DR","CHAPEL HILL","27514-7100","US-NC","","US",,"Estes Hills Elementary School, 500 N ESTES DR, CHAPEL HILL, US-NC, 27514-7100",,
"CUS000000088G","Eagle Point Elementary School","1044 WESTERN AVE","ALBANY","12203","US-NY","","US",,"Eagle Point Elementary School, 1044 WESTERN AVE, ALBANY, US-NY, 12203",,
"CUS000000089H","Fayetteville Creative Pre-Sch","57 W COLT SQUARE DR","FAYETTEVILLE","72703-2814","US-AR","","US",,"Fayetteville Creative Pre-Sch, 57 W COLT SQUARE DR, FAYETTEVILLE, US-AR, 72703-2814",,
"CUS000000090I","St Pauls Cath Church","208 LERAY ST","BLACK RIVER","13612-2130","US-NY","","US",,"St Pauls Cath Church, 208 LERAY ST, BLACK RIVER, US-NY, 13612-2130",,
"CUS000000091J","Kings College Bookstore","322 LAMAR AVE","CHARLOTTE","28204-2436","US-NC","","US",,"Kings College Bookstore, 322 LAMAR AVE, CHARLOTTE, US-NC, 28204-2436",,
"CUS000000092K","Child Care Aware West Central","101 VESTA ST S","COSMOS","56228-6004","US-MN","","US",,"Child Care Aware West Central, 101 VESTA ST S, COSMOS, US-MN, 56228-6004",,
"CUS000000093L","West Fargo Public Library","311 1ST AVE E","WEST FARGO","58078-1924","US-ND","","US",,"West Fargo Public Library, 311 1ST AVE E, WEST FARGO, US-ND, 58078-1924",,
"CUS000000094M","Western Brown High School","476 W MAIN ST","MOUNT ORAB","45154-9452","US-OH","","US",,"Western Brown High School, 476 W MAIN ST, MOUNT ORAB, US-OH, 45154-9452",,
"CUS000000095N","Western Brown High School","476 W MAIN ST","MOUNT ORAB","45154-9452","US-OH","","US",,"Western Brown High School, 476 W MAIN ST, MOUNT ORAB, US-OH, 45154-9452",,
"CUS000000096O","Guardian Angel Orthodox School","2350 E DEMPSTER ST","DES PLAINES","60016-4839","US-IL","","US",,"Guardian Angel Orthodox School, 2350 E DEMPSTER ST, DES PLAINES, US-IL, 60016-4839",,
"CUS000000097P","Uinta County School District 6","126 N FRANKLIN ST","LYMAN","82937","US-WY","","US",,"Uinta County School District 6, 126 N FRANKLIN ST, LYMAN, US-WY, 82937",,
"CUS000000098Q","Thompson School Dist","800 S TAFT AVE","LOVELAND","80537-6347","US-CO","","US",,"Thompson School Dist, 800 S TAFT AVE, LOVELAND, US-CO, 80537-6347",,
"CUS000000099R","Colegio Nuevo Continente","CALLE NICOLAS SAN JUAN # 1147","BENITO JUAREZ","03100",,"","MX",,"Colegio Nuevo Continente, CALLE NICOLAS SAN JUAN # 1147, BENITO JUAREZ, 03100",,
"CUS000000100S","Ps 246 Poe Center","NY","BRONX","10468-4497",,"","US",,"Ps 246 Poe Center, NY, BRONX, 10468-4497",,
"CUS000000101T","Central Dewitt Cmty Sch Dist","PO BOX 110","DE WITT","52742-0110","US-IA","","US",,"Central Dewitt Cmty Sch Dist, PO BOX 110, DE WITT, US-IA, 52742-0110",,
"CUS000000102U","Nassau County School District","1201 ATLANTIC AVE","FERNANDINA","32034-3403","US-FL","","US",,"Nassau County School District, 1201 ATLANTIC AVE, FERNANDINA, US-FL, 32034-3403",,
"CUS000000103V","Dundee Elementary Academy","415 E FREDERICK AVE","DUNDEE","33838-4224","US-FL","","US",,"Dundee Elementary Academy, 415 E FREDERICK AVE, DUNDEE, US-FL, 33838-4224",,
"CUS000000104W","Cayala Learning Academy","AVE B, 0-88, ZONA 15, VH2 19","GUATEMALA","01015",,"","GT",,"Cayala Learning Academy, AVE B, 0-88, ZONA 15, VH2 19, GUATEMALA, 01015",,
"CUS000000105X","Wyoming High School","106 PENDERY AVE","WYOMING","45215-2727","US-OH","","US",,"Wyoming High School, 106 PENDERY AVE, WYOMING, US-OH, 45215-2727",,
"CUS000000106Y","Cei Language School","BANGBAE-DONG 788-59","SEOCHO-GU","137-060",,"","KR",,"Cei Language School, BANGBAE-DONG 788-59, SEOCHO-GU, 137-060",,
"CUS000000107Z","Ponchatoula Junior High School","315 E OAK ST","PONCHATOULA","70454-2632","US-LA","","US",,"Ponchatoula Junior High School, 315 E OAK ST, PONCHATOULA, US-LA, 70454-2632",,
"CUS0000001080","Ponchatoula Junior High School","315 E OAK ST","PONCHATOULA","70454-2632","US-LA","","US",,"Ponchatoula Junior High School, 315 E OAK ST, PONCHATOULA, US-LA, 70454-2632",,
"CUS0000001091","Alexander Elementary School","20 ROBERT FROST DR","HAMILTON","08690-2331","US-NJ","","US",,"Alexander Elementary School, 20 ROBERT FROST DR, HAMILTON, US-NJ, 08690-2331",,
"CUS0000001102","Lincoln-Bassett Cmty School","130 BASSETT ST","NEW HAVEN","06511-1879","US-CT","","US",,"Lincoln-Bassett Cmty School, 130 BASSETT ST, NEW HAVEN, US-CT, 06511-1879",,
"CUS0000001113","Southside Elementary School","100 ACADEMIC DR","MORRISON","61270-2954","US-IL","","US",,"Southside Elementary School, 100 ACADEMIC DR, MORRISON, US-IL, 61270-2954",,
"CUS0000001124","St Francis Desales School","622 S OAKWOOD AVE","BECKLEY","25801-5928","US-WV","","US",,"St Francis Desales School, 622 S OAKWOOD AVE, BECKLEY, US-WV, 25801-5928",,
"CUS0000001135","St Francis Desales School","622 S OAKWOOD AVE","BECKLEY","25801-5928","US-WV","","US",,"St Francis Desales School, 622 S OAKWOOD AVE, BECKLEY, US-WV, 25801-5928",,
"CUS0000001146","Lindsay Community Day","290 N HARVARD AVE","LINDSAY","93247-2304","US-CA","","US",,"Lindsay Community Day, 290 N HARVARD AVE, LINDSAY, US-CA, 93247-2304",,
"CUS0000001157","Maquoketa Middle School","200 E LOCUST ST","MAQUOKETA","52060-2800","US-IA","","US",,"Maquoketa Middle School, 200 E LOCUST ST, MAQUOKETA, US-IA, 52060-2800",,
"CUS0000001168","Seale Junior High School","401 E AVENUE G","ROBSTOWN","78380-2701","US-TX","","US",,"Seale Junior High School, 401 E AVENUE G, ROBSTOWN, US-TX, 78380-2701",,
"CUS0000001179","Torrington City School Dist","355 MIGEON AVE","TORRINGTON","06790-4822","US-CT","","US",,"Torrington City School Dist, 355 MIGEON AVE, TORRINGTON, US-CT, 06790-4822",,
"CUS000000118A","William V Wright Elem School","8425 BOB FISK AVE","LAS VEGAS","89178-8604","US-NV","","US",,"William V Wright Elem School, 8425 BOB FISK AVE, LAS VEGAS, US-NV, 89178-8604",,
"CUS000000119B","Caryl Rainey","7606 DUNFIELD AVE","LOS ANGELES","90045-1343","US-CA","","US",,"Caryl Rainey, 7606 DUNFIELD AVE, LOS ANGELES, US-CA, 90045-1343",,
"CUS000000120C","Embry-Riddle Aero U-Moody","PMB 152","MOODY AFB","31699-0001","US-GA","","US",,"Embry-Riddle Aero U-Moody, PMB 152, MOODY AFB, US-GA, 31699-0001",,
"CUS000000121D","Rudy Gelnett Memorial Library","1 N HIGH ST STE 1","SELINSGROVE","17870-1548","US-PA","","US",,"Rudy Gelnett Memorial Library, 1 N HIGH ST STE 1, SELINSGROVE, US-PA, 17870-1548",,
"CUS000000122E","Wyoming High School","106 PENDERY AVE","WYOMING","45215-2798","US-OH","","US",,"Wyoming High School, 106 PENDERY AVE, WYOMING, US-OH, 45215-2798",,
"CUS000000123F","Wyoming High School","106 PENDERY AVE","CINCINNATI","45215-2798","US-OH","","US",,"Wyoming High School, 106 PENDERY AVE, CINCINNATI, US-OH, 45215-2798",,
"CUS000000124G","West Lawn Elementary School","3022 COLLEGE ST","GRAND ISLAND","68803-1749","US-NE","","US",,"West Lawn Elementary School, 3022 COLLEGE ST, GRAND ISLAND, US-NE, 68803-1749",,
"CUS000000125H","Concordia University","7400 AUGUSTA ST","RIVER FOREST","60305-1402","US-IL","","US",,"Concordia University, 7400 AUGUSTA ST, RIVER FOREST, US-IL, 60305-1402",,
"CUS000000126I","Mountain View Elem Mid School","620 SCHOOL ST","UNION","24983","US-WV","","US",,"Mountain View Elem Mid School, 620 SCHOOL ST, UNION, US-WV, 24983",,
"CUS000000127J","English Bookshop","TUMMELPLATZ 7","GRAZ","8010",,"","AT",,"English Bookshop, TUMMELPLATZ 7, GRAZ, 8010",,
"CUS000000128K","Yaak School District 24","29893 YAAK RIVER RD","TROY","59935-8636","US-MT","","US",,"Yaak School District 24, 29893 YAAK RIVER RD, TROY, US-MT, 59935-8636",,
"CUS000000129L","Inglewood Heights Jr Pub Sch","45 DEMPSTER ST","SCARBOROUGH","M1T 2T6","CA-ON","","CA",,"Inglewood Heights Jr Pub Sch, 45 DEMPSTER ST, SCARBOROUGH, CA-ON, M1T 2T6",,
"CUS000000130M","East Capital High School","6330 CAPITOL DR","WHEELING","60090-6483","US-IL","","US",,"East Capital High School, 6330 CAPITOL DR, WHEELING, US-IL, 60090-6483",,
"CUS000000131N","Edison High School","21400 MAGNOLIA ST","HUNTINGTN BCH","92646-6306","US-CA","","US",,"Edison High School, 21400 MAGNOLIA ST, HUNTINGTN BCH, US-CA, 92646-6306",,
"CUS000000132O","Fairview Elementary School","225 MAIN ST","FAIRVIEW","97024-3704","US-OR","","US",,"Fairview Elementary School, 225 MAIN ST, FAIRVIEW, US-OR, 97024-3704",,
"CUS000000133P","Richland Library Southeast","7421 GARNERS FERRY RD","COLUMBIA","29209-2602","US-SC","","US",,"Richland Library Southeast, 7421 GARNERS FERRY RD, COLUMBIA, US-SC, 29209-2602",,
"CUS000000134Q","Poinciana Elementary School","2825 AIRPORT RD N","NAPLES","34105-3099","US-FL","","US",,"Poinciana Elementary School, 2825 AIRPORT RD N, NAPLES, US-FL, 34105-3099",,
"CUS000000135R","Escola Bilingue Semear","AVENIDA ALVIN BAUER, 540","BALNEARIO CAMBORIU","88330-643",,"","BR",,"Escola Bilingue Semear, AVENIDA ALVIN BAUER, 540, BALNEARIO CAMBORIU, 88330-643",,
"CUS000000136S","The Ocean of Light Intl Schools","PO BOX 2878","NUKU'ALOFA","",,"","TO",,"The Ocean of Light Intl Schools, PO BOX 2878, NUKU'ALOFA",,
"CUS000000137T","Chiang Rai International School","496 MOO 5","CHIANG RAI","57100",,"","TW",,"Chiang Rai International School, 496 MOO 5, CHIANG RAI, 57100",,
"CUS000000138U","Chiang Rai International School","496 MOO 5","CHIANG RAI","57100",,"","TW",,"Chiang Rai International School, 496 MOO 5, CHIANG RAI, 57100",,
"CUS000000139V","St Anthony of Padua Parish","63 DANA CT","WESTBROOK","04092-2912","US-ME","","US",,"St Anthony of Padua Parish, 63 DANA CT, WESTBROOK, US-ME, 04092-2912",,
"CUS000000140W","Discovery Isle Child Dev Ctr","3791 OCEANIC WAY","OCEANSIDE","92056-2648","US-CA","","US",,"Discovery Isle Child Dev Ctr, 3791 OCEANIC WAY, OCEANSIDE, US-CA, 92056-2648",,
"CUS000000141X","Camp Hill School District","418 S 24TH ST","CAMP HILL","17011-5309","US-PA","","US",,"Camp Hill School District, 418 S 24TH ST, CAMP HILL, US-PA, 17011-5309",,
"CUS000000142Y","Coachland Education Center","11858 SAN PABLO AVE","EL CERRITO","94530-1752","US-CA","","US",,"Coachland Education Center, 11858 SAN PABLO AVE, EL CERRITO, US-CA, 94530-1752",,
"CUS000000143Z","Kratz Elementary School","4301 EDMUNDSON RD","SAINT LOUIS","63134-3909","US-MO","","US",,"Kratz Elementary School, 4301 EDMUNDSON RD, SAINT LOUIS, US-MO, 63134-3909",,
"CUS0000001440","Kratz Elementary School","4301 EDMUNDSON RD","SAINT LOUIS","63134-3909","US-MO","","US",,"Kratz Elementary School, 4301 EDMUNDSON RD, SAINT LOUIS, US-MO, 63134-3909",,
"CUS0000001451","St Clements School","1515 WILDER AVE","HONOLULU","96822-4614","US-HI","","US",,"St Clements School, 1515 WILDER AVE, HONOLULU, US-HI, 96822-4614",,
"CUS0000001462","Cortland Works Career Center","99 MAIN ST","CORTLAND","13045-2610","US-NY","","US",,"Cortland Works Career Center, 99 MAIN ST, CORTLAND, US-NY, 13045-2610",,
"CUS0000001473","Morgan Elementary School","38 STAMFORD RD","HAMILTON","08619-1448","US-NJ","","US",,"Morgan Elementary School, 38 STAMFORD RD, HAMILTON, US-NJ, 08619-1448",,
"CUS0000001484","Michigan Virtual High School","370 INDEPENDENCE AVE","MARYSVILLE","48040-2539","US-MI","","US",,"Michigan Virtual High School, 370 INDEPENDENCE AVE, MARYSVILLE, US-MI, 48040-2539",,
"CUS0000001495","Camp Hill School District","2627 CHESTNUT STREET","CAMP HILL","17011-4623","US-PA","","US",,"Camp Hill School District, 2627 CHESTNUT STREET, CAMP HILL, US-PA, 17011-4623",,
"CUS0000001506","Suba Books and Periodicals Dist Ltd","CITY SQ","NAIROBI","00200",,"PRIVATE BAG 51336","KE",,"Suba Books and Periodicals Dist Ltd, CITY SQ, PRIVATE BAG 51336, NAIROBI, 00200",,
"CUS0000001517","William Appleby Elem School","24 ALBRO RD","MARATHON","13803-2808","US-NY","","US",,"William Appleby Elem School, 24 ALBRO RD, MARATHON, US-NY, 13803-2808",,
"CUS0000001528","Coachland Education Center","11858 SAN PABLO AVE","EL CERRITO","94530-1752","US-CA","","US",,"Coachland Education Center, 11858 SAN PABLO AVE, EL CERRITO, US-CA, 94530-1752",,
"CUS0000001539","Holloman Elementary School","750 ARNOLD AVE","HOLLOMAN AIR FORCE BASE","88330-8269","US-NM","","US",,"Holloman Elementary School, 750 ARNOLD AVE, HOLLOMAN AIR FORCE BASE, US-NM, 88330-8269",,
"CUS000000154A","Hope School","295A CHEROKEE ST","MARIANNA","32446","US-FL","","US",,"Hope School, 295A CHEROKEE ST, MARIANNA, US-FL, 32446",,
"CUS000000155B","City of Greenbelt","25 CRESCENT RD","GREENBELT","20770-1891","US-MD","","US",,"City of Greenbelt, 25 CRESCENT RD, GREENBELT, US-MD, 20770-1891",,
"CUS000000156C","Del Rio Middle School","720 E DE LA ROSA ST","DEL RIO","78840-6734","US-TX","","US",,"Del Rio Middle School, 720 E DE LA ROSA ST, DEL RIO, US-TX, 78840-6734",,
"CUS000000157D","Del Rio Middle School","720 RAYMOND LOZANO BLVD","DEL RIO","78840","US-TX","","US",,"Del Rio Middle School, 720 RAYMOND LOZANO BLVD, DEL RIO, US-TX, 78840",,
"CUS000000158E","St Gregory School","200 N UNIVERSITY DR","PLANTATION","33324-2018","US-FL","","US",,"St Gregory School, 200 N UNIVERSITY DR, PLANTATION, US-FL, 33324-2018",,
"CUS000000159F","Churchill Junior High School","18 NORTON RD","E BRUNSWICK","08816-1704","US-NJ","","US",,"Churchill Junior High School, 18 NORTON RD, E BRUNSWICK, US-NJ, 08816-1704",,
"CUS000000160G","North Pointe Preparatory","10215 N 43RD AVE","PHOENIX","85051-1025","US-AZ","","US",,"North Pointe Preparatory, 10215 N 43RD AVE, PHOENIX, US-AZ, 85051-1025",,
"CUS000000161H","Mary Fuller Frazier Cmty Lib","142 CONSTITUTION ST","PERRYOPOLIS","15473-1390","US-PA","","US",,"Mary Fuller Frazier Cmty Lib, 142 CONSTITUTION ST, PERRYOPOLIS, US-PA, 15473-1390",,
"CUS000000162I","Eldorado Elementary School","1100 ALEXANDER ST","ELDORADO","62930-2328","US-IL","","US",,"Eldorado Elementary School, 1100 ALEXANDER ST, ELDORADO, US-IL, 62930-2328",,
"CUS000000163J","Huntingdon Area Middle School","2500 CASSADY AVE","HUNTINGDON","16652-2674","US-PA","","US",,"Huntingdon Area Middle School, 2500 CASSADY AVE, HUNTINGDON, US-PA, 16652-2674",,
"CUS000000164K","Hull Public Library","9 MAIN ST","HULL","02045-1111","US-MA","","US",,"Hull Public Library, 9 MAIN ST, HULL, US-MA, 02045-1111",,
"CUS000000165L","Alamo Elementary School","100 WILSON RD","ALAMO","94507-1299","US-CA","","US",,"Alamo Elementary School, 100 WILSON RD, ALAMO, US-CA, 94507-1299",,
"CUS000000166M","Alliance Clg-Ready Mid Acad 4","9719 S MAIN ST","LOS ANGELES","90003-4135","US-CA","","US",,"Alliance Clg-Ready Mid Acad 4, 9719 S MAIN ST, LOS ANGELES, US-CA, 90003-4135",,
"CUS000000167N","Harlowton Public Library","13 CENTRAL AVE S","HARLOWTON","59036-5071","US-MT","","US",,"Harlowton Public Library, 13 CENTRAL AVE S, HARLOWTON, US-MT, 59036-5071",,
"CUS000000168O","Cynthia Bellin","1404 WHITEHOUSE AVE","BUCKLEY","98321-8956","US-WA","","US",,"Cynthia Bellin, 1404 WHITEHOUSE AVE, BUCKLEY, US-WA, 98321-8956",,
"CUS000000169P","Natl Ctr Excellence Teaching Math","55 ST MARYS CT","SHEFFIELD","S2 4AN",,"","GB",,"Natl Ctr Excellence Teaching Math, 55 ST MARYS CT, SHEFFIELD, S2 4AN",,
"CUS000000170Q","Ecole Saint Joseph","3 RUE DU COLLEGE","LACOLLE","J0J 1J0","CA-QC","","CA",,"Ecole Saint Joseph, 3 RUE DU COLLEGE, LACOLLE, CA-QC, J0J 1J0",,
"CUS000000171R","Dilbook Sa de Cv","CALLE COLORADO 26-A","BENITO JUAREZ","03810",,"","MX",,"Dilbook Sa de Cv, CALLE COLORADO 26-A, BENITO JUAREZ, 03810",,
"CUS000000172S","Corinthian Colleges Inc 590","9065 GRANT ST","THORNTON","80229-4339","US-CO","","US",,"Corinthian Colleges Inc 590, 9065 GRANT ST, THORNTON, US-CO, 80229-4339",,
"CUS000000173T","Broome-Tioga Boces Voc Ed Ctr","435 GLENWOOD RD","BINGHAMTON","13905-1606","US-NY","","US",,"Broome-Tioga Boces Voc Ed Ctr, 435 GLENWOOD RD, BINGHAMTON, US-NY, 13905-1606",,
"CUS000000174U","Mccarty Elementary School","3000 VILLAGE GREEN DR","AURORA","60504-7276","US-IL","","US",,"Mccarty Elementary School, 3000 VILLAGE GREEN DR, AURORA, US-IL, 60504-7276",,
"CUS000000175V","Oriole Park Branch Library","7454 W BALMORAL AVE","CHICAGO","60656-1755","US-IL","","US",,"Oriole Park Branch Library, 7454 W BALMORAL AVE, CHICAGO, US-IL, 60656-1755",,
"CUS000000176W","Portage Sda Church School","2100 E STATE ROAD 33","PORTAGE","53901-1468","US-WI","","US",,"Portage Sda Church School, 2100 E STATE ROAD 33, PORTAGE, US-WI, 53901-1468",,
"CUS000000177X","Ekhiyeni School","ST JOHNS MISSION BARBARTON","NELSPRIUT","1300",,"","ZA",,"Ekhiyeni School, ST JOHNS MISSION BARBARTON, NELSPRIUT, 1300",,
"CUS000000178Y","Tutor Time Learning Center","181 SUNRISE HWY","WEST ISLIP","11795-2011","US-NY","","US",,"Tutor Time Learning Center, 181 SUNRISE HWY, WEST ISLIP, US-NY, 11795-2011",,
"CUS000000179Z","University of Little Tots","11702 HIGHWAY 57","VANCLEAVE","39565-8309","US-MS","","US",,"University of Little Tots, 11702 HIGHWAY 57, VANCLEAVE, US-MS, 39565-8309",,
"CUS0000001800","Veritas Classical Academy","1700 E YESO DR","HOBBS","88240-4217","US-NM","","US",,"Veritas Classical Academy, 1700 E YESO DR, HOBBS, US-NM, 88240-4217",,
"CUS0000001811","Eldorado Elementary School","1100 ALEXANDER ST","ELDORADO","62930-2328","US-IL","","US",,"Eldorado Elementary School, 1100 ALEXANDER ST, ELDORADO, US-IL, 62930-2328",,
"CUS0000001822","Westport Free Public Library","408 OLD COUNTY RD","WESTPORT","02790-1160","US-MA","","US",,"Westport Free Public Library, 408 OLD COUNTY RD, WESTPORT, US-MA, 02790-1160",,
"CUS0000001833","Ecole Marie-Anne-Gaboury","95 PULBERRY ST","WINNIPEG","R2M 3X5","CA-MB","","CA",,"Ecole Marie-Anne-Gaboury, 95 PULBERRY ST, WINNIPEG, CA-MB, R2M 3X5",,
"CUS0000001844","Parkside Pre-School","474 CENTRE ST STE 2","NEWTON","02458-2090","US-MA","","US",,"Parkside Pre-School, 474 CENTRE ST STE 2, NEWTON, US-MA, 02458-2090",,
"CUS0000001855","Armed Services Ymca-Mtn View","500 MOUNTAIN LION RD","KILLEEN","76548-8838","US-TX","","US",,"Armed Services Ymca-Mtn View, 500 MOUNTAIN LION RD, KILLEEN, US-TX, 76548-8838",,
"CUS0000001866","Woodrow Wilson High School","400 STANAFORD RD","BECKLEY","25801-3144","US-WV","","US",,"Woodrow Wilson High School, 400 STANAFORD RD, BECKLEY, US-WV, 25801-3144",,
"CUS0000001877","KINDERCARE-KINGSPORT","2000 AMERICAN WAY","KINGSPORT","37660-4760","US-TN","","US",,"KINDERCARE-KINGSPORT, 2000 AMERICAN WAY, KINGSPORT, US-TN, 37660-4760",,
"CUS0000001888","Capital Area Children'S Ctr","55 UTLEY DR","CAMP HILL","17011-8028","US-PA","","US",,"Capital Area Children'S Ctr, 55 UTLEY DR, CAMP HILL, US-PA, 17011-8028",,
"CUS0000001899","Busy Beaver Extnd Day Prog","347 WOODSIDE AVE","BRIDGEPORT","06606-2275","US-CT","","US",,"Busy Beaver Extnd Day Prog, 347 WOODSIDE AVE, BRIDGEPORT, US-CT, 06606-2275",,
"CUS000000190A","Kid'S Club Dc-Miss Karen","115 EASTERN AVE","BALLSTON SPA","12020-1822","US-NY","","US",,"Kid'S Club Dc-Miss Karen, 115 EASTERN AVE, BALLSTON SPA, US-NY, 12020-1822",,
"CUS000000191B","Lots-A-Tots Family Day Care","1433 FERN AVE","SCHENECTADY","12306-2710","US-NY","","US",,"Lots-A-Tots Family Day Care, 1433 FERN AVE, SCHENECTADY, US-NY, 12306-2710",,
"CUS000000192C","Moffett Head Start","701 BELT AVE","MOFFETT","74946","US-OK","","US",,"Moffett Head Start, 701 BELT AVE, MOFFETT, US-OK, 74946",,
"CUS000000193D","Graeagle Pre-School","PO BOX 1636","BLRSDN GREAGL","96103-1636","US-CA","","US",,"Graeagle Pre-School, PO BOX 1636, BLRSDN GREAGL, US-CA, 96103-1636",,
"CUS000000194E","Smart Start Day School","6301 SW 57TH DR","MIAMI","33143-2100","US-FL","","US",,"Smart Start Day School, 6301 SW 57TH DR, MIAMI, US-FL, 33143-2100",,
"CUS000000195F","Wayside Baptist Pre-School","7701 SW 98TH ST","MIAMI","33156-2634","US-FL","","US",,"Wayside Baptist Pre-School, 7701 SW 98TH ST, MIAMI, US-FL, 33156-2634",,
"CUS000000196G","First Friends","366 STATE ROUTE 46","BUCKSPORT","04416-4765","US-ME","","US",,"First Friends, 366 STATE ROUTE 46, BUCKSPORT, US-ME, 04416-4765",,
"CUS000000197H","Stepping Stones Ccc & Ps","832 URBANE RD NE","CLEVELAND","37312-4761","US-TN","","US",,"Stepping Stones Ccc & Ps, 832 URBANE RD NE, CLEVELAND, US-TN, 37312-4761",,
"CUS000000198I","Ymca Sunshine Company Pre-Sch","2900 SEPULVEDA BLVD","TORRANCE","90505-2804","US-CA","","US",,"Ymca Sunshine Company Pre-Sch, 2900 SEPULVEDA BLVD, TORRANCE, US-CA, 90505-2804",,
"CUS000000199J","Day Care Plus","721 S MAIN ST","CLAWSON","48017-2017","US-MI","","US",,"Day Care Plus, 721 S MAIN ST, CLAWSON, US-MI, 48017-2017",,
"CUS000000200K","Added Love Learning Center","110 BRAXTON CT","FAYETTEVILLE","30214-1968","US-GA","","US",,"Added Love Learning Center, 110 BRAXTON CT, FAYETTEVILLE, US-GA, 30214-1968",,
"CUS000000201L","Ywca Child Care","649 W MARKET ST","LIMA","45801-4603","US-OH","","US",,"Ywca Child Care, 649 W MARKET ST, LIMA, US-OH, 45801-4603",,
"CUS000000202M","Glorious Wonders Child Care","1700 BUTLER DR","MURFREESBORO","37127-6521","US-TN","","US",,"Glorious Wonders Child Care, 1700 BUTLER DR, MURFREESBORO, US-TN, 37127-6521",,
"CUS000000203N","West Hartford Extended Ccc","425 OAKWOOD AVE","WEST HARTFORD","06110-1154","US-CT","","US",,"West Hartford Extended Ccc, 425 OAKWOOD AVE, WEST HARTFORD, US-CT, 06110-1154",,
"CUS000000204O","Moriah Head Start","3092 PLANK RD","MINEVILLE","12956-1049","US-NY","","US",,"Moriah Head Start, 3092 PLANK RD, MINEVILLE, US-NY, 12956-1049",,
"CUS000000205P","Jacobs Ladder 2","470 GA HIGHWAY 247 S","BONAIRE","31005-3719","US-GA","","US",,"Jacobs Ladder 2, 470 GA HIGHWAY 247 S, BONAIRE, US-GA, 31005-3719",,
"CUS000000206Q","Walnut Acres Day Care Ctr","450 WIGET LN","WALNUT CREEK","94598-3465","US-CA","","US",,"Walnut Acres Day Care Ctr, 450 WIGET LN, WALNUT CREEK, US-CA, 94598-3465",,
"CUS000000207R","Walnut Ave Chrn Cmty Pre-Sch","260 WALNUT AVE","WALNUT CREEK","94598-3373","US-CA","","US",,"Walnut Ave Chrn Cmty Pre-Sch, 260 WALNUT AVE, WALNUT CREEK, US-CA, 94598-3373",,
"CUS000000208S","Kiddie Kare Christian Day Care","1511 BRUCE ST","CONWAY","72034-6422","US-AR","","US",,"Kiddie Kare Christian Day Care, 1511 BRUCE ST, CONWAY, US-AR, 72034-6422",,
"CUS000000209T","Little Guys and Gals Cc","4335 LARIMORE AVE","OMAHA","68111-2169","US-NE","","US",,"Little Guys and Gals Cc, 4335 LARIMORE AVE, OMAHA, US-NE, 68111-2169",,
"CUS000000210U","Mary Rider Day Care","418 44TH ST S","BROOKINGS","57006-7213","US-SD","","US",,"Mary Rider Day Care, 418 44TH ST S, BROOKINGS, US-SD, 57006-7213",,
"CUS000000211V","Kindercare-Town Center","9290 RIDGELINE BLVD","HGHLNDS RANCH","80129-2378","US-CO","","US",,"Kindercare-Town Center, 9290 RIDGELINE BLVD, HGHLNDS RANCH, US-CO, 80129-2378",,
"CUS000000212W","Little Sprouts Childrens Ctr","4541 FLEUR DR","DES MOINES","50321-2331","US-IA","","US",,"Little Sprouts Childrens Ctr, 4541 FLEUR DR, DES MOINES, US-IA, 50321-2331",,
"CUS000000213X","Learning Center Ccc","4300 E SAM HOUSTON PKWY S","PASADENA","77505-3910","US-TX","","US",,"Learning Center Ccc, 4300 E SAM HOUSTON PKWY S, PASADENA, US-TX, 77505-3910",,
"CUS000000214Y","Sonshine Ark","1406 6TH ST","FLORESVILLE","78114-2366","US-TX","","US",,"Sonshine Ark, 1406 6TH ST, FLORESVILLE, US-TX, 78114-2366",,
"CUS000000215Z","Ymca Day Care-Trilakes","17250 JACKSON CREEK PKWY","MONUMENT","80132-7300","US-CO","","US",,"Ymca Day Care-Trilakes, 17250 JACKSON CREEK PKWY, MONUMENT, US-CO, 80132-7300",,
"CUS0000002160","Mt Chestnut Christian Pre-Sch","727 W OLD ROUTE 422","BUTLER","16001-8361","US-PA","","US",,"Mt Chestnut Christian Pre-Sch, 727 W OLD ROUTE 422, BUTLER, US-PA, 16001-8361",,
"CUS0000002171","Mt Chestnut Christian Pre-Sch","727 W OLD ROUTE 422","BUTLER","16001-8361","US-PA","","US",,"Mt Chestnut Christian Pre-Sch, 727 W OLD ROUTE 422, BUTLER, US-PA, 16001-8361",,
"CUS0000002182","Meyersdale Head Start Center","1345 SHAW MINES RD","MEYERSDALE","15552-7223","US-PA","","US",,"Meyersdale Head Start Center, 1345 SHAW MINES RD, MEYERSDALE, US-PA, 15552-7223",,
"CUS0000002193","Jake Place Pre-School","2510 HILLCREST CT","WEST LINN","97068-1448","US-OR","","US",,"Jake Place Pre-School, 2510 HILLCREST CT, WEST LINN, US-OR, 97068-1448",,
"CUS0000002204","Aspirus Ymca Child Dev Ctr","3402 HOWLAND AVE","SCHOFIELD","54476-5633","US-WI","","US",,"Aspirus Ymca Child Dev Ctr, 3402 HOWLAND AVE, SCHOFIELD, US-WI, 54476-5633",,
"CUS0000002215","Gema'S Childcare Ctr","495 CAMPAGNOLI AVE","COPIAGUE","11726-2105","US-NY","","US",,"Gema'S Childcare Ctr, 495 CAMPAGNOLI AVE, COPIAGUE, US-NY, 11726-2105",,
"CUS0000002226","Peace of Mind Child Dev Ctr","10995 CANADA RD","BIRCH RUN","48415-9792","US-MI","","US",,"Peace of Mind Child Dev Ctr, 10995 CANADA RD, BIRCH RUN, US-MI, 48415-9792",,
"CUS0000002237","Walnut Woods Pre-School","4950 MASSILLON RD","CANTON","44720-1412","US-OH","","US",,"Walnut Woods Pre-School, 4950 MASSILLON RD, CANTON, US-OH, 44720-1412",,
"CUS0000002248","Bright Beginnings Chrn Pre-Sch","390 MIMOSA AVE","VISTA","92081-8114","US-CA","","US",,"Bright Beginnings Chrn Pre-Sch, 390 MIMOSA AVE, VISTA, US-CA, 92081-8114",,
"CUS0000002259","DIAMOND-A-CAT-A-ME","6955 ALMEDA RD","HOUSTON","77021-2009","US-TX","","US",,"DIAMOND-A-CAT-A-ME, 6955 ALMEDA RD, HOUSTON, US-TX, 77021-2009",,
"CUS000000226A","Lollipop Childcare","9 GUY ST","HOULTON","04730-2515","US-ME","","US",,"Lollipop Childcare, 9 GUY ST, HOULTON, US-ME, 04730-2515",,
"CUS000000227B","Little Adventures Children Ctr","4000 CANYONS RESORT DR","PARK CITY","84098-6546","US-UT","","US",,"Little Adventures Children Ctr, 4000 CANYONS RESORT DR, PARK CITY, US-UT, 84098-6546",,
"CUS000000228C","Community Project Day Care Ctr","924 N DUNLAP ST","MEMPHIS","38107-2614","US-TN","","US",,"Community Project Day Care Ctr, 924 N DUNLAP ST, MEMPHIS, US-TN, 38107-2614",,
"CUS000000229D","Southboro Extended Day Care","PO BOX 390","SOUTHBOROUGH","01772-0390","US-MA","","US",,"Southboro Extended Day Care, PO BOX 390, SOUTHBOROUGH, US-MA, 01772-0390",,
"CUS000000230E","R E Lindner Ymca Cc-Williams","10901 REED HARTMAN HWY STE 220","CINCINNATI","45242-2838","US-OH","","US",,"R E Lindner Ymca Cc-Williams, 10901 REED HARTMAN HWY STE 220, CINCINNATI, US-OH, 45242-2838",,
"CUS000000231F","Mcdonald Sunshine Place Cc","3641 CHICAGO AVE","MINNEAPOLIS","55407-2603","US-MN","","US",,"Mcdonald Sunshine Place Cc, 3641 CHICAGO AVE, MINNEAPOLIS, US-MN, 55407-2603",,
"CUS000000232G","Jones School","6549 E LIVINGSTON AVE","REYNOLDSBURG","43068-3502","US-OH","","US",,"Jones School, 6549 E LIVINGSTON AVE, REYNOLDSBURG, US-OH, 43068-3502",,
"CUS000000233H","Twaide'S Childcare & Lrng Ctr","23925 DENTON ST","CLINTON TWP","48036-3404","US-MI","","US",,"Twaide'S Childcare & Lrng Ctr, 23925 DENTON ST, CLINTON TWP, US-MI, 48036-3404",,
"CUS000000234I","First Baptist Church-Wee Sch","300 OLD DECATUR RD N","SAGINAW","76179",,"","US",,"First Baptist Church-Wee Sch, 300 OLD DECATUR RD N, SAGINAW, 76179",,
"CUS000000235J","First Chrn Church Day Care Ctr","916 W WALNUT AVE","DUNCAN","73533-4624","US-OK","","US",,"First Chrn Church Day Care Ctr, 916 W WALNUT AVE, DUNCAN, US-OK, 73533-4624",,
"CUS000000236K","The Moorland Family Ymca","907 E LEDBETTER DR","DALLAS","75216-6859","US-TX","","US",,"The Moorland Family Ymca, 907 E LEDBETTER DR, DALLAS, US-TX, 75216-6859",,
"CUS000000237L","Bedford Stuyvesant Early Cc","275 MARCUS GARVEY BLVD","BROOKLYN","11221-6692","US-NY","","US",,"Bedford Stuyvesant Early Cc, 275 MARCUS GARVEY BLVD, BROOKLYN, US-NY, 11221-6692",,
"CUS000000238M","Sun Garden Mont Chldrn'S Hse","2284 LONG ST","WEST LINN","97068-3405","US-OR","","US",,"Sun Garden Mont Chldrn'S Hse, 2284 LONG ST, WEST LINN, US-OR, 97068-3405",,
"CUS000000239N","Aldamaty'S Day Care","782 W COVENTRY DR","TUCSON","85756-6530","US-AZ","","US",,"Aldamaty'S Day Care, 782 W COVENTRY DR, TUCSON, US-AZ, 85756-6530",,
"CUS000000240O","Hesters Creative Pre-School","1700 BENJAMIN PKWY","GREENSBORO","27408-4606","US-NC","","US",,"Hesters Creative Pre-School, 1700 BENJAMIN PKWY, GREENSBORO, US-NC, 27408-4606",,
"CUS000000241P","Tykes & Tots","1015 BRIDGE RD STE C","COLLEGEVILLE","19426-1179","US-PA","","US",,"Tykes & Tots, 1015 BRIDGE RD STE C, COLLEGEVILLE, US-PA, 19426-1179",,
"CUS000000242Q","Centro Armonia Pre-School","531 W RINCON AVE","CAMPBELL","95008-2753","US-CA","","US",,"Centro Armonia Pre-School, 531 W RINCON AVE, CAMPBELL, US-CA, 95008-2753",,
"CUS000000243R","Paw Paw Patch","718 S COMMERCE ST","CENTERVILLE","75833-1909","US-TX","","US",,"Paw Paw Patch, 718 S COMMERCE ST, CENTERVILLE, US-TX, 75833-1909",,
"CUS000000244S","Cath Charities St Martin","7911 DETROIT AVE","CLEVELAND","44102-2815","US-OH","","US",,"Cath Charities St Martin, 7911 DETROIT AVE, CLEVELAND, US-OH, 44102-2815",,
"CUS000000245T","Goddard Sch- Greater Heights","835 W 23RD ST","HOUSTON","77008-1733","US-TX","","US",,"Goddard Sch- Greater Heights, 835 W 23RD ST, HOUSTON, US-TX, 77008-1733",,
"CUS000000246U","Rose Marie Hersey Day Care","7 BOULDER AVE","SOUTH PARIS","04281-1201","US-ME","","US",,"Rose Marie Hersey Day Care, 7 BOULDER AVE, SOUTH PARIS, US-ME, 04281-1201",,
"CUS000000247V","Foxwood Prep School","19901 FOXWOOD FOREST BLVD","HUMBLE","77338-1651","US-TX","","US",,"Foxwood Prep School, 19901 FOXWOOD FOREST BLVD, HUMBLE, US-TX, 77338-1651",,
"CUS000000248W","Briarcliffe College-Queens","3030 THOMSON AVE FL 6B","LONG IS CITY","11101-3019","US-NY","","US",,"Briarcliffe College-Queens, 3030 THOMSON AVE FL 6B, LONG IS CITY, US-NY, 11101-3019",,
"CUS000000249X","Rancho San Antonio","21000 PLUMMER ST","CHATSWORTH","91311-4903","US-CA","","US",,"Rancho San Antonio, 21000 PLUMMER ST, CHATSWORTH, US-CA, 91311-4903",,
"CUS000000250Y","CHAMPIONS-TOLSON","2917 8TH ST NE","WASHINGTON","20017-1669","US-DC","","US",,"CHAMPIONS-TOLSON, 2917 8TH ST NE, WASHINGTON, US-DC, 20017-1669",,
"CUS000000251Z","Kingsland Academy","2715 CHAMBERLAYNE AVE","RICHMOND","23222-3503","US-VA","","US",,"Kingsland Academy, 2715 CHAMBERLAYNE AVE, RICHMOND, US-VA, 23222-3503",,
"CUS0000002520","Early Learners Advanced Lc","112 MORGAN ST","POOLER","31322-2616","US-GA","","US",,"Early Learners Advanced Lc, 112 MORGAN ST, POOLER, US-GA, 31322-2616",,
"CUS0000002531","Johns Creek Elementary School","6205 OLD ATLANTA RD","SUWANEE","30024-1206","US-GA","","US",,"Johns Creek Elementary School, 6205 OLD ATLANTA RD, SUWANEE, US-GA, 30024-1206",,
"CUS0000002542","Classical Academy of Sarasota","8751 FRUITVILLE RD","SARASOTA","34240-5201","US-FL","","US",,"Classical Academy of Sarasota, 8751 FRUITVILLE RD, SARASOTA, US-FL, 34240-5201",,
"CUS0000002553","Indian Creek Local Sch Dist","100 PARK DR","WINTERSVILLE","43953-3943","US-OH","","US",,"Indian Creek Local Sch Dist, 100 PARK DR, WINTERSVILLE, US-OH, 43953-3943",,
"CUS0000002564","Annette Street Jr & Sr Pub Sch","265 ANNETTE ST","TORONTO","M6P 1R3","CA-ON","","CA",,"Annette Street Jr & Sr Pub Sch, 265 ANNETTE ST, TORONTO, CA-ON, M6P 1R3",,
"CUS000000301D","Johns Creek Elementary School","6205 OLD ATLANTA RD","SUWANEE","30024-1206","US-GA","","US",,"Johns Creek Elementary School, 6205 OLD ATLANTA RD, SUWANEE, US-GA, 30024-1206",,
"CUS000000302E","Columbia Falls Jr High School","1805 TALBOT RD","COLUMBIA FLS","59912-4501","US-MT","","US",,"Columbia Falls Jr High School, 1805 TALBOT RD, COLUMBIA FLS, US-MT, 59912-4501",,
"CUS000000303F","Calvary Chapel Chrn School","1969 MCDANIELS BRIDGE RD SW","LILBURN","30047-2537","US-GA","","US",,"Calvary Chapel Chrn School, 1969 MCDANIELS BRIDGE RD SW, LILBURN, US-GA, 30047-2537",,
"CUS000000304G","Reach Cyber Charter School","750 E PARK DR STE 204","HARRISBURG","17111-2758","US-PA","","US",,"Reach Cyber Charter School, 750 E PARK DR STE 204, HARRISBURG, US-PA, 17111-2758",,
"CUS000000305H","Carnegie High School","330 W WILDCAT DR","CARNEGIE","73015-1030","US-OK","","US",,"Carnegie High School, 330 W WILDCAT DR, CARNEGIE, US-OK, 73015-1030",,
"CUS000000306I","Yeshivat Magen Abraham","723 AVENUE Z","BROOKLYN","11223-6240","US-NY","","US",,"Yeshivat Magen Abraham, 723 AVENUE Z, BROOKLYN, US-NY, 11223-6240",,
"CUS000000307J","St John Paul Ii Catholic High Schl","3120 N 137TH AVE","AVONDALE","85392-1210","US-AZ","","US",,"St John Paul Ii Catholic High Schl, 3120 N 137TH AVE, AVONDALE, US-AZ, 85392-1210",,
"CUS000000308K","Universidad Interamericana","BARRIO CORALES","AGUADILLA","00605",,"","US",,"Universidad Interamericana, BARRIO CORALES, AGUADILLA, 00605",,
"CUS000000309L","Richland Township Library","8821 3RD ST","VESTABURG","48891-5121","US-MI","","US",,"Richland Township Library, 8821 3RD ST, VESTABURG, US-MI, 48891-5121",,
"CUS000000310M","Reach Cyber Charter School","750 E PARK DR STE 204","HARRISBURG","17111-2758","US-PA","","US",,"Reach Cyber Charter School, 750 E PARK DR STE 204, HARRISBURG, US-PA, 17111-2758",,
"CUS000000311N","Meredith Criswell","15437 MOUNTAIN VIEW CIR","BROOMFIELD","80023-8776","US-CO","","US",,"Meredith Criswell, 15437 MOUNTAIN VIEW CIR, BROOMFIELD, US-CO, 80023-8776",,
"CUS000000312O","St Andrew'S School Eastbourne","MEADS STREET","EASTBOURNE","BN20 7RP",,"","GB",,"St Andrew'S School Eastbourne, MEADS STREET, EASTBOURNE, BN20 7RP",,
"CUS000000313P","Reeds Spring Primary School","257 ELEMENTARY RD","REEDS SPRING","65737-9635","US-MO","","US",,"Reeds Spring Primary School, 257 ELEMENTARY RD, REEDS SPRING, US-MO, 65737-9635",,
"CUS000000314Q","Linnaeus University","LINNAEUS UNIVERSITY","VAXJO","391 95",,"","SE",,"Linnaeus University, LINNAEUS UNIVERSITY, VAXJO, 391 95",,
"CUS000000315R","Intermediate School Dist 917","1300 145TH ST E","ROSEMOUNT","55068-2932","US-MN","","US",,"Intermediate School Dist 917, 1300 145TH ST E, ROSEMOUNT, US-MN, 55068-2932",,
"CUS000000316S","Philip'S Academy Cs-Newark","342 CENTRAL AVE","NEWARK","07103-2808","US-NJ","","US",,"Philip'S Academy Cs-Newark, 342 CENTRAL AVE, NEWARK, US-NJ, 07103-2808",,
"CUS000000317T","Breckenridge Middle High Sch","710 13TH ST N","BRECKENRIDGE","56520-1317","US-MN","","US",,"Breckenridge Middle High Sch, 710 13TH ST N, BRECKENRIDGE, US-MN, 56520-1317",,
"CUS000000318U","Painted Pony Ranch Charter School","2100 WILLOW CREEK RD","PRESCOTT","86301-5391","US-AZ","","US",,"Painted Pony Ranch Charter School, 2100 WILLOW CREEK RD, PRESCOTT, US-AZ, 86301-5391",,
"CUS000000319V","Northeast Elementary School","82 SCOFIELDTOWN RD","STAMFORD","06903-4020","US-CT","","US",,"Northeast Elementary School, 82 SCOFIELDTOWN RD, STAMFORD, US-CT, 06903-4020",,
"CUS000000320W","Northeast Elementary School","82 SCOFIELDTOWN RD","STAMFORD","06903-4020","US-CT","","US",,"Northeast Elementary School, 82 SCOFIELDTOWN RD, STAMFORD, US-CT, 06903-4020",,
"CUS000000321X","Claremont Elementary Sch","175 CLAREMONT RD","FRANKLIN PARK","08823-1101","US-NJ","","US",,"Claremont Elementary Sch, 175 CLAREMONT RD, FRANKLIN PARK, US-NJ, 08823-1101",,
"CUS000000322Y","Royal Palm School","6650 LAWRENCE RD","LANTANA","33462-3518","US-FL","","US",,"Royal Palm School, 6650 LAWRENCE RD, LANTANA, US-FL, 33462-3518",,
"CUS000000323Z","St Anthony Parish","1640 WESTERN AVE","SAN BERNARDINO","92411-1306","US-CA","","US",,"St Anthony Parish, 1640 WESTERN AVE, SAN BERNARDINO, US-CA, 92411-1306",,
"CUS0000003240","Orland High School","101 SHASTA ST","ORLAND","95963-1426","US-CA","","US",,"Orland High School, 101 SHASTA ST, ORLAND, US-CA, 95963-1426",,
"CUS0000003251","Edukiosko S A","6703 NW 7TH ST","MIAMI","33126-6070","US-FL","","US",,"Edukiosko S A, 6703 NW 7TH ST, MIAMI, US-FL, 33126-6070",,
"CUS0000003262","Institution Tecnologico de Manati","PO BOX 1091","MANATI","00674-1091","US-PR","","US",,"Institution Tecnologico de Manati, PO BOX 1091, MANATI, US-PR, 00674-1091",,
"CUS0000003273","Philip'S Academy Cs-Newark","342 CENTRAL AVE","NEWARK","07103-2808","US-NJ","","US",,"Philip'S Academy Cs-Newark, 342 CENTRAL AVE, NEWARK, US-NJ, 07103-2808",,
"CUS0000003284","EDGENUITY","8860 EAST CHAPARRAL ROAD","SCOTTSDALE","85250-2610","US-AZ","","US",,"EDGENUITY, 8860 EAST CHAPARRAL ROAD, SCOTTSDALE, US-AZ, 85250-2610",,
"CUS0000003295","St Michael Archangel Reg Sch","51 W NORTH ST","CLAYTON","08312-1114","US-NJ","","US",,"St Michael Archangel Reg Sch, 51 W NORTH ST, CLAYTON, US-NJ, 08312-1114",,
"CUS0000003306","Iq 180 Academy","18821 PIONEER BLVD","CERRITOS","90703","US-CA","","US",,"Iq 180 Academy, 18821 PIONEER BLVD, CERRITOS, US-CA, 90703",,
"CUS0000003317","Linscott-Rumford Elem School","86 ELM ST","WOBURN","01801-1855","US-MA","","US",,"Linscott-Rumford Elem School, 86 ELM ST, WOBURN, US-MA, 01801-1855",,
"CUS0000003328","River Grove Public Library","8638 GRAND AVE","RIVER GROVE","60171-1207","US-IL","","US",,"River Grove Public Library, 8638 GRAND AVE, RIVER GROVE, US-IL, 60171-1207",,
"CUS0000003339","Tushka High School","2661 W BOGGY DEPOT RD","ATOKA","74525-6842","US-OK","","US",,"Tushka High School, 2661 W BOGGY DEPOT RD, ATOKA, US-OK, 74525-6842",,
"CUS000000334A","Standard School District","1200 N CHESTER AVE","BAKERSFIELD","93308-3521","US-CA","","US",,"Standard School District, 1200 N CHESTER AVE, BAKERSFIELD, US-CA, 93308-3521",,
"CUS000000335B","Northeast Elementary School","82 SCOFIELDTOWN RD","STAMFORD","06903-4097","US-CT","","US",,"Northeast Elementary School, 82 SCOFIELDTOWN RD, STAMFORD, US-CT, 06903-4097",,
"CUS000000336C","Edmonson County Middle School","210 WILD CAT WAY","BROWNSVILLE","42210-9032","US-KY","","US",,"Edmonson County Middle School, 210 WILD CAT WAY, BROWNSVILLE, US-KY, 42210-9032",,
"CUS000000337D","Hampstead Middle School","28 SCHOOL ST","HAMPSTEAD","03841-2139","US-NH","","US",,"Hampstead Middle School, 28 SCHOOL ST, HAMPSTEAD, US-NH, 03841-2139",,
"CUS000000338E","Annunciation Church","4697 W 130TH ST","CLEVELAND","44135-3760","US-OH","","US",,"Annunciation Church, 4697 W 130TH ST, CLEVELAND, US-OH, 44135-3760",,
"CUS000000339F","Ecole Saint-Alphonse","2 RUE GABRIELLE-ROY","ST-ALPH-RODR","J0K 1W0","CA-QC","","CA",,"Ecole Saint-Alphonse, 2 RUE GABRIELLE-ROY, ST-ALPH-RODR, CA-QC, J0K 1W0",,
"CUS000000340G","Ohio County Adult Learning Center","130 E WASHINGTON ST STE 106","HARTFORD","42347-1178","US-KY","","US",,"Ohio County Adult Learning Center, 130 E WASHINGTON ST STE 106, HARTFORD, US-KY, 42347-1178",,
"CUS000000341H","Se Minnesota Ed Co-Op Svc Unit","210 WOODLAKE DR SE","ROCHESTER","55904-4513","US-MN","","US",,"Se Minnesota Ed Co-Op Svc Unit, 210 WOODLAKE DR SE, ROCHESTER, US-MN, 55904-4513",,
"CUS000000342I","Beverly Hills Lingual Institute","439 N CANON DR STE 207","BEVERLY HILLS","90210-3908","US-CA","","US",,"Beverly Hills Lingual Institute, 439 N CANON DR STE 207, BEVERLY HILLS, US-CA, 90210-3908",,
"CUS000000343J","Millry High School","1 WILDCAT DR","MILLRY","36558-4568","US-AL","","US",,"Millry High School, 1 WILDCAT DR, MILLRY, US-AL, 36558-4568",,
"CUS000000344K","Early Primary School","965 EARLY BLVD","EARLY","76802-2238","US-TX","","US",,"Early Primary School, 965 EARLY BLVD, EARLY, US-TX, 76802-2238",,
"CUS000000345L","Independence Charter School W","5600 CHESTER AVE","PHILADELPHIA","19143-5314","US-PA","","US",,"Independence Charter School W, 5600 CHESTER AVE, PHILADELPHIA, US-PA, 19143-5314",,
"CUS000000346M","Flour Bluff Interm School","2505 WALDRON RD","CORPUS CHRISTI","78418-4706","US-TX","","US",,"Flour Bluff Interm School, 2505 WALDRON RD, CORPUS CHRISTI, US-TX, 78418-4706",,
"CUS000000347N","Clifton Public Schools","745 CLIFTON AVE","CLIFTON","07013-1885","US-NJ","","US",,"Clifton Public Schools, 745 CLIFTON AVE, CLIFTON, US-NJ, 07013-1885",,
"CUS000000348O","Doe River Colony School","PO BOX 169","BONANZA","T0H 0K0","CA-AB","","CA",,"Doe River Colony School, PO BOX 169, BONANZA, CA-AB, T0H 0K0",,
"CUS000000349P","Cmnty Colg of Rhode Island Nacs","1 HILTON ST","PROVIDENCE","02905-2313","US-RI","","US",,"Cmnty Colg of Rhode Island Nacs, 1 HILTON ST, PROVIDENCE, US-RI, 02905-2313",,
"CUS000000350Q","Dunbar Primary School","1806 MARTIN LUTHER KING JR BLVD","LUFKIN","75904-1226","US-TX","","US",,"Dunbar Primary School, 1806 MARTIN LUTHER KING JR BLVD, LUFKIN, US-TX, 75904-1226",,
"CUS000000351R","Yarmouth Consolidated Mem Hs","146 FOREST ST","YARMOUTH","B5A 0B3","CA-NS","","CA",,"Yarmouth Consolidated Mem Hs, 146 FOREST ST, YARMOUTH, CA-NS, B5A 0B3",,
"CUS000000352S","Instt Latino de Morelia Preesc Pri","RIO CUTZI 541 Y 543","MORELIA","58070",,"","MX",,"Instt Latino de Morelia Preesc Pri, RIO CUTZI 541 Y 543, MORELIA, 58070",,
"CUS000000353T","Hammond Library-Crown Point","PO BOX 245","CROWN POINT","12928-0245","US-NY","","US",,"Hammond Library-Crown Point, PO BOX 245, CROWN POINT, US-NY, 12928-0245",,
"CUS000000354U","Cfga Des Rives Saguenay-Conan","847 RUE GEORGES-VANIER","CHICOUTIMI","G7H 4M1","CA-QC","","CA",,"Cfga Des Rives Saguenay-Conan, 847 RUE GEORGES-VANIER, CHICOUTIMI, CA-QC, G7H 4M1",,
"CUS000000355V","Iveland Elementary School","1836 DYER AVE","SAINT LOUIS","63114-2404","US-MO","","US",,"Iveland Elementary School, 1836 DYER AVE, SAINT LOUIS, US-MO, 63114-2404",,
"CUS000000356W","Woodinville Mont School","19102 N CREEK PKWY STE 100","BOTHELL","98011-8005","US-WA","","US",,"Woodinville Mont School, 19102 N CREEK PKWY STE 100, BOTHELL, US-WA, 98011-8005",,
"CUS000000357X","San Juan Diego Parish","3408 IDELA AVE","MCALLEN","78503-7410","US-TX","","US",,"San Juan Diego Parish, 3408 IDELA AVE, MCALLEN, US-TX, 78503-7410",,
"CUS000000358Y","Robins Nest for Children","2308 N AUSTIN AVE","PEARLAND","77581-4004","US-TX","","US",,"Robins Nest for Children, 2308 N AUSTIN AVE, PEARLAND, US-TX, 77581-4004",,
"CUS000000359Z","Lydia'S Child Enrichment Ctr","594 HARRELL ST","MEMPHIS","38112-2932","US-TN","","US",,"Lydia'S Child Enrichment Ctr, 594 HARRELL ST, MEMPHIS, US-TN, 38112-2932",,
"CUS0000003600","Child Care Network","1050 SW GRAND BLVD","OKLAHOMA CITY","73109-2923","US-OK","","US",,"Child Care Network, 1050 SW GRAND BLVD, OKLAHOMA CITY, US-OK, 73109-2923",,
"CUS0000003611","Christian Early Learning Ctr","125 CARVER ST","WACO","76704-1410","US-TX","","US",,"Christian Early Learning Ctr, 125 CARVER ST, WACO, US-TX, 76704-1410",,
"CUS0000003622","Peggy Sullivan Head Start Ctr","571 2ND ST","FALL RIVER","02721-1858","US-MA","","US",,"Peggy Sullivan Head Start Ctr, 571 2ND ST, FALL RIVER, US-MA, 02721-1858",,
"CUS0000003633","Christian Day Care No 2","2200 W 6TH ST","WESLACO","78596-8909","US-TX","","US",,"Christian Day Care No 2, 2200 W 6TH ST, WESLACO, US-TX, 78596-8909",,
"CUS0000003644","Woolmarket Baptist Ch Pre-Sch","12816 LORRAINE RD","BILOXI","39532-9685","US-MS","","US",,"Woolmarket Baptist Ch Pre-Sch, 12816 LORRAINE RD, BILOXI, US-MS, 39532-9685",,
"CUS0000003655","Sunshine House-Buckhead","4506 ROSWELL RD","ATLANTA","30342-3102","US-GA","","US",,"Sunshine House-Buckhead, 4506 ROSWELL RD, ATLANTA, US-GA, 30342-3102",,
"CUS0000003666","Creative Kids Child Care Ctr","2380 ROUTE 55","HOPEWELL JCT","12533-7514","US-NY","","US",,"Creative Kids Child Care Ctr, 2380 ROUTE 55, HOPEWELL JCT, US-NY, 12533-7514",,
"CUS0000003677","Kids Stop","1700 DEAN AVE","CARTERSVILLE","30121","US-GA","","US",,"Kids Stop, 1700 DEAN AVE, CARTERSVILLE, US-GA, 30121",,
"CUS0000003688","Andrews Child Development Ctr","117 ELM AVE","TAKOMA PARK","20912-4610","US-MD","","US",,"Andrews Child Development Ctr, 117 ELM AVE, TAKOMA PARK, US-MD, 20912-4610",,
"CUS0000003699","Southwest Tenn Cmty Clg-Macon","5983 MACON CV","MEMPHIS","38134-7642","US-TN","","US",,"Southwest Tenn Cmty Clg-Macon, 5983 MACON CV, MEMPHIS, US-TN, 38134-7642",,
"CUS000000370A","Kamehameha Sch-Hawaii Campus","16-714 VOLCANO RD","KEAAU","96749-8150","US-HI","","US",,"Kamehameha Sch-Hawaii Campus, 16-714 VOLCANO RD, KEAAU, US-HI, 96749-8150",,
"CUS000000371B","Rio Hondo Elementary School","7731 MULLER ST","DOWNEY","90241-2115","US-CA","","US",,"Rio Hondo Elementary School, 7731 MULLER ST, DOWNEY, US-CA, 90241-2115",,
"CUS000000372C","Pullman Christian School","345 SW KIMBALL DR","PULLMAN","99163-2146","US-WA","","US",,"Pullman Christian School, 345 SW KIMBALL DR, PULLMAN, US-WA, 99163-2146",,
"CUS000000373D","Kerr-Vance Academy","700 VANCE ACADEMY RD","HENDERSON","27537-8725","US-NC","","US",,"Kerr-Vance Academy, 700 VANCE ACADEMY RD, HENDERSON, US-NC, 27537-8725",,
"CUS000000374E","Edmonds Heights K-12 School","23200 100TH AVE W","EDMONDS","98020-5020","US-WA","","US",,"Edmonds Heights K-12 School, 23200 100TH AVE W, EDMONDS, US-WA, 98020-5020",,
"CUS000000375F","Bertha-Hewitt School","310 CENTRAL AVE S","BERTHA","56437-1122","US-MN","","US",,"Bertha-Hewitt School, 310 CENTRAL AVE S, BERTHA, US-MN, 56437-1122",,
"CUS000000376G","Hartley-Melvin-Sanborn Hs","300 N 8TH AVE W","HARTLEY","51346-1074","US-IA","","US",,"Hartley-Melvin-Sanborn Hs, 300 N 8TH AVE W, HARTLEY, US-IA, 51346-1074",,
"CUS000000377H","Dunbar Primary School","1807 MARTIN LUTHER KING JR BLVD","LUFKIN","75904-1241","US-TX","","US",,"Dunbar Primary School, 1807 MARTIN LUTHER KING JR BLVD, LUFKIN, US-TX, 75904-1241",,
"CUS000000378I","St Joseph Parish","2311 ROUTE 98","VARYSBURG","14167-9794","US-NY","","US",,"St Joseph Parish, 2311 ROUTE 98, VARYSBURG, US-NY, 14167-9794",,
"CUS000000379J","Cambridge Ctr for Adlt Educ","42 BRATTLE ST","CAMBRIDGE","02138-3712","US-MA","","US",,"Cambridge Ctr for Adlt Educ, 42 BRATTLE ST, CAMBRIDGE, US-MA, 02138-3712",,
"CUS000000380K","Dixon Middle School","200 E 5TH ST","DIXON","65459-6215","US-MO","","US",,"Dixon Middle School, 200 E 5TH ST, DIXON, US-MO, 65459-6215",,
"CUS000000381L","Centro Impedimentos Severos","5 CALLE B CODIGO 26815","COMERIO","00782","US-PR","","US",,"Centro Impedimentos Severos, 5 CALLE B CODIGO 26815, COMERIO, US-PR, 00782",,
"CUS000000382M","Vena Avenue Elementary School","9377 VENA AVE","ARLETA","91331-4733","US-CA","","US",,"Vena Avenue Elementary School, 9377 VENA AVE, ARLETA, US-CA, 91331-4733",,
"CUS000000383N","Vena Avenue Elementary School","9377 VENA AVE","ARLETA","91331-4733","US-CA","","US",,"Vena Avenue Elementary School, 9377 VENA AVE, ARLETA, US-CA, 91331-4733",,
"CUS000000384O","Lake Elementary School","2700 11TH ST","SAN PABLO","94806-2205","US-CA","","US",,"Lake Elementary School, 2700 11TH ST, SAN PABLO, US-CA, 94806-2205",,
"CUS000000385P","Lake Elementary School","2700 11TH ST","SAN PABLO","94806-2205","US-CA","","US",,"Lake Elementary School, 2700 11TH ST, SAN PABLO, US-CA, 94806-2205",,
"CUS000000386Q","Delta School","3380 BYBERRY RD","PHILADELPHIA","19154-2909","US-PA","","US",,"Delta School, 3380 BYBERRY RD, PHILADELPHIA, US-PA, 19154-2909",,
"CUS000000387R","Delta School","3380 BYBERRY RD","PHILADELPHIA","19154-2999","US-PA","","US",,"Delta School, 3380 BYBERRY RD, PHILADELPHIA, US-PA, 19154-2999",,
"CUS000000388S","Coastside Parents Nursery Sch","613 GRANDVIEW BLVD","HALF MOON BAY","94019-1521","US-CA","","US",,"Coastside Parents Nursery Sch, 613 GRANDVIEW BLVD, HALF MOON BAY, US-CA, 94019-1521",,
"CUS000000389T","Mlk Recreation Center","1300 WILSON ST","DENTON","76205-6249","US-TX","","US",,"Mlk Recreation Center, 1300 WILSON ST, DENTON, US-TX, 76205-6249",,
"CUS000000390U","Buckeye Head Start","12100 BUCKEYE RD","CLEVELAND","44120-2646","US-OH","","US",,"Buckeye Head Start, 12100 BUCKEYE RD, CLEVELAND, US-OH, 44120-2646",,
"CUS000000391V","Maltby Y'S Child Care","14033 FRYELANDS BLVD SE","MONROE","98272-2643","US-WA","","US",,"Maltby Y'S Child Care, 14033 FRYELANDS BLVD SE, MONROE, US-WA, 98272-2643",,
"CUS000000392W","East Arlington Head Start","2150 BROWNING DR","ARLINGTON","76010-5901","US-TX","","US",,"East Arlington Head Start, 2150 BROWNING DR, ARLINGTON, US-TX, 76010-5901",,
"CUS000000393X","Kid'S Time","3540 M 66","ATHENS","49011-9369","US-MI","","US",,"Kid'S Time, 3540 M 66, ATHENS, US-MI, 49011-9369",,
"CUS000000395Z","Crib Child Care Center","5358 DOLPHIN DR","JOPLIN","64804-8622","US-MO","","US",,"Crib Child Care Center, 5358 DOLPHIN DR, JOPLIN, US-MO, 64804-8622",,
"CUS0000003960","Grandma'S House Child Care Ctr","509 BLUFF CITY HWY","BRISTOL","37620-4605","US-TN","","US",,"Grandma'S House Child Care Ctr, 509 BLUFF CITY HWY, BRISTOL, US-TN, 37620-4605",,
"CUS0000003971","Cathy'S Little Steps Day Care","1730 DAVENPORT AVE","BOGALUSA","70427-5509","US-LA","","US",,"Cathy'S Little Steps Day Care, 1730 DAVENPORT AVE, BOGALUSA, US-LA, 70427-5509",,
"CUS0000003982","Miss Susan'S Nursery Inc","698 N PEACH ST","BUNNELL","32110-5988","US-FL","","US",,"Miss Susan'S Nursery Inc, 698 N PEACH ST, BUNNELL, US-FL, 32110-5988",,
"CUS0000003993","Reynoldsville I Center Hd St","339 LEWIS ST","REYNOLDSVILLE","15851-1063","US-PA","","US",,"Reynoldsville I Center Hd St, 339 LEWIS ST, REYNOLDSVILLE, US-PA, 15851-1063",,
"CUS0000004004","Macon Rd Ch of Christ Pre-Sch","4004 MACON RD","MEMPHIS","38122-2499","US-TN","","US",,"Macon Rd Ch of Christ Pre-Sch, 4004 MACON RD, MEMPHIS, US-TN, 38122-2499",,
"CUS0000004015","First Baptist Icard Cec","2178 US HIGHWAY 70","CONNELLY SPG","28612-7582","US-NC","","US",,"First Baptist Icard Cec, 2178 US HIGHWAY 70, CONNELLY SPG, US-NC, 28612-7582",,
"CUS0000004026","Just 4 Kids Schoolhouse Ccd","1606 HESTER AVE","DONNA","78537-2914","US-TX","","US",,"Just 4 Kids Schoolhouse Ccd, 1606 HESTER AVE, DONNA, US-TX, 78537-2914",,
"CUS0000004037","Storybook Place","2009 MAPLEWOOD DR","GAINESVILLE","76240-3713","US-TX","","US",,"Storybook Place, 2009 MAPLEWOOD DR, GAINESVILLE, US-TX, 76240-3713",,
"CUS0000004048","Tlc Early Learning Center","11000 FRANCE AVE S","BLOOMINGTON","55431-3856","US-MN","","US",,"Tlc Early Learning Center, 11000 FRANCE AVE S, BLOOMINGTON, US-MN, 55431-3856",,
"CUS0000004059","Sunrise Pre-School","1415 E BELL RD","PHOENIX","85022-2716","US-AZ","","US",,"Sunrise Pre-School, 1415 E BELL RD, PHOENIX, US-AZ, 85022-2716",,
"CUS000000406A","Raggedy Ann Day Care","910 INGRAM ST","MOORHEAD","38761-6609","US-MS","","US",,"Raggedy Ann Day Care, 910 INGRAM ST, MOORHEAD, US-MS, 38761-6609",,
"CUS000000407B","Woodward Montessori Pre-Sch","3214 SE WOODWARD ST","PORTLAND","97202-1464","US-OR","","US",,"Woodward Montessori Pre-Sch, 3214 SE WOODWARD ST, PORTLAND, US-OR, 97202-1464",,
"CUS000000408C","Woodward Montessori Pre-Sch","3214 SE WOODWARD ST","PORTLAND","97202-1464","US-OR","","US",,"Woodward Montessori Pre-Sch, 3214 SE WOODWARD ST, PORTLAND, US-OR, 97202-1464",,
"CUS000000409D","KINDERCARE-ALEXANDRIA","4616 MINOR LN","ALEXANDRIA","22312-2217","US-VA","","US",,"KINDERCARE-ALEXANDRIA, 4616 MINOR LN, ALEXANDRIA, US-VA, 22312-2217",,
"CUS000000410E","Portage Head Start Center","2930 RED FOX RUN","PORTAGE","53901-3400","US-WI","","US",,"Portage Head Start Center, 2930 RED FOX RUN, PORTAGE, US-WI, 53901-3400",,
"CUS000000411F","Kindercare-Green Meadows","1815 GREENVIEW PL SW","ROCHESTER","55902-1077","US-MN","","US",,"Kindercare-Green Meadows, 1815 GREENVIEW PL SW, ROCHESTER, US-MN, 55902-1077",,
"CUS000000412G","Ivy Leaf Academy","574 ALLEN RD","BASKING RIDGE","07920-3848","US-NJ","","US",,"Ivy Leaf Academy, 574 ALLEN RD, BASKING RIDGE, US-NJ, 07920-3848",,
"CUS000000413H","Bright Beginnings Child Care","321 BLACKSTOCK RD","PAULINE","29374-2602","US-SC","","US",,"Bright Beginnings Child Care, 321 BLACKSTOCK RD, PAULINE, US-SC, 29374-2602",,
"CUS000000414I","Little Heaven Child Care","406 11TH ST","UNION CITY","07087-4260","US-NJ","","US",,"Little Heaven Child Care, 406 11TH ST, UNION CITY, US-NJ, 07087-4260",,
"CUS000000415J","Santa Fe Head Start","639 W WORTH ST APT 3","STOCKTON","95206-1280","US-CA","","US",,"Santa Fe Head Start, 639 W WORTH ST APT 3, STOCKTON, US-CA, 95206-1280",,
"CUS000000416K","Kiddie Kollege of Fairfield","2226 MOUNT VERNON RD","FAIRFIELD","62837-2803","US-IL","","US",,"Kiddie Kollege of Fairfield, 2226 MOUNT VERNON RD, FAIRFIELD, US-IL, 62837-2803",,
"CUS000000417L","Kiddie Kollege","1130 VARNEY ST SE BLDG 202","WASHINGTON","20032-4372","US-DC","","US",,"Kiddie Kollege, 1130 VARNEY ST SE BLDG 202, WASHINGTON, US-DC, 20032-4372",,
"CUS000000418M","Humpty Dumpty Day Care School","119 CARTER ST","WARTBURG","37887-4198","US-TN","","US",,"Humpty Dumpty Day Care School, 119 CARTER ST, WARTBURG, US-TN, 37887-4198",,
"CUS000000419N","Metro Ymca Before A S Program","444 E MAIN ST","ROCHESTER","14604-2508","US-NY","","US",,"Metro Ymca Before A S Program, 444 E MAIN ST, ROCHESTER, US-NY, 14604-2508",,
"CUS000000420O","Covington County Library System","403 S FIR AVE","COLLINS","39428-4234","US-MS","","US",,"Covington County Library System, 403 S FIR AVE, COLLINS, US-MS, 39428-4234",,
"CUS000000421P","Klaras Center for Familes","1105 JEFFERSON AVE","WACO","76701-1212","US-TX","","US",,"Klaras Center for Familes, 1105 JEFFERSON AVE, WACO, US-TX, 76701-1212",,
"CUS000000422Q","Cares Program Hve","73 N 600 W","HEBER CITY","84032-1811","US-UT","","US",,"Cares Program Hve, 73 N 600 W, HEBER CITY, US-UT, 84032-1811",,
"CUS000000423R","Creative Hands Day Care","747 FOURTH ST","CHELAN FALLS","98817","US-WA","","US",,"Creative Hands Day Care, 747 FOURTH ST, CHELAN FALLS, US-WA, 98817",,
"CUS000000424S","Old Deerfield Nursery School","16 MEMORIAL ST","DEERFIELD","01342-5004","US-MA","","US",,"Old Deerfield Nursery School, 16 MEMORIAL ST, DEERFIELD, US-MA, 01342-5004",,
"CUS000000425T","Little Promises Day Care Ctr","15186 SW 56TH ST","MIAMI","33185-4073","US-FL","","US",,"Little Promises Day Care Ctr, 15186 SW 56TH ST, MIAMI, US-FL, 33185-4073",,
"CUS000000426U","Ellsworth Community School","9467 PARK ST","ELLSWORTH","49729-9756","US-MI","","US",,"Ellsworth Community School, 9467 PARK ST, ELLSWORTH, US-MI, 49729-9756",,
"CUS000000427V","Diamond Valley Elem School","35 HAWKSIDE DR","MARKLEEVILLE","96120-9522","US-CA","","US",,"Diamond Valley Elem School, 35 HAWKSIDE DR, MARKLEEVILLE, US-CA, 96120-9522",,
"CUS000000428W","Holy Redeemer High School","37 WILLIAM ST","PITTSTON","18640-2555","US-PA","","US",,"Holy Redeemer High School, 37 WILLIAM ST, PITTSTON, US-PA, 18640-2555",,
"CUS000000429X","J G Mccracken Middle School","50 EMORY RD","SPARTANBURG","29307-2903","US-SC","","US",,"J G Mccracken Middle School, 50 EMORY RD, SPARTANBURG, US-SC, 29307-2903",,
"CUS000000430Y","Pioneer Elementary School","3663 WOODLAND HILLS DR","COLORADO SPRINGS","80918-6366","US-CO","","US",,"Pioneer Elementary School, 3663 WOODLAND HILLS DR, COLORADO SPRINGS, US-CO, 80918-6366",,
"CUS000000431Z","Pioneer Elementary School","3663 WOODLAND HILLS DR","COLORADO SPGS","80918-6355","US-CO","","US",,"Pioneer Elementary School, 3663 WOODLAND HILLS DR, COLORADO SPGS, US-CO, 80918-6355",,
"CUS0000004320","Broadway Elementary School","1000 BROADWAY ST","ELMIRA","14904-2502","US-NY","","US",,"Broadway Elementary School, 1000 BROADWAY ST, ELMIRA, US-NY, 14904-2502",,
"CUS0000004331","Elsinboro Twp School District","ALLOWAY SHARED SERVICES 327","ALLOWAY","08001-0327","US-NJ","","US",,"Elsinboro Twp School District, ALLOWAY SHARED SERVICES 327, ALLOWAY, US-NJ, 08001-0327",,
"CUS0000004342","Falls Church High School","7521 JAGUAR TRL","FALLS CHURCH","22042-7597","US-VA","","US",,"Falls Church High School, 7521 JAGUAR TRL, FALLS CHURCH, US-VA, 22042-7597",,
"CUS0000004353","Canaan School District","PO BOX 100","CANAAN","05903-0100","US-VT","","US",,"Canaan School District, PO BOX 100, CANAAN, US-VT, 05903-0100",,
"CUS0000004364","Stanton Cmty School District 3","1007 KINGWOOD ST","STANTON","68779-2267","US-NE","","US",,"Stanton Cmty School District 3, 1007 KINGWOOD ST, STANTON, US-NE, 68779-2267",,
"CUS0000004375","Cambrian School District","4115 JACKSOL DR","SAN JOSE","95124-3312","US-CA","","US",,"Cambrian School District, 4115 JACKSOL DR, SAN JOSE, US-CA, 95124-3312",,
"CUS0000004386","Horizon Leadership Academy","9301 W BELLFORT AVE BLDG F","HOUSTON","77031-2101","US-TX","","US",,"Horizon Leadership Academy, 9301 W BELLFORT AVE BLDG F, HOUSTON, US-TX, 77031-2101",,
"CUS0000004397","Cohagen Elementary School","HIGHWAY 59","COHAGEN","59322","US-MT","","US",,"Cohagen Elementary School, HIGHWAY 59, COHAGEN, US-MT, 59322",,
"CUS0000004408","Cohagen Elem","PO BOX 64","COHAGEN","59322-0064","US-MT","","US",,"Cohagen Elem, PO BOX 64, COHAGEN, US-MT, 59322-0064",,
"CUS0000004419","Rollings Mid Sch of the Arts","1635 BEECH HILL RD","SUMMERVILLE","29485-7870","US-SC","","US",,"Rollings Mid Sch of the Arts, 1635 BEECH HILL RD, SUMMERVILLE, US-SC, 29485-7870",,
"CUS000000442A","Chesapeake Math & It Pc-N Hs","14800 SWEITZER LN","LAUREL","20707-2913","US-MD","","US",,"Chesapeake Math & It Pc-N Hs, 14800 SWEITZER LN, LAUREL, US-MD, 20707-2913",,
"CUS000000443B","Chesapeake Math & It Pc-N Hs","14800 SWEITZER LN","LAUREL","20707-2913","US-MD","","US",,"Chesapeake Math & It Pc-N Hs, 14800 SWEITZER LN, LAUREL, US-MD, 20707-2913",,
"CUS000000444C","Yavneh Academy","155 N. FARVIEW AVE","PARAMUS","07652-3232","US-NJ","","US",,"Yavneh Academy, 155 N. FARVIEW AVE, PARAMUS, US-NJ, 07652-3232",,
"CUS000000445D","Evangelical Chrn Dc-Forest Hll","1920 FOREST HILL IRENE RD","GERMANTOWN","38139-3542","US-TN","","US",,"Evangelical Chrn Dc-Forest Hll, 1920 FOREST HILL IRENE RD, GERMANTOWN, US-TN, 38139-3542",,
"CUS000000446E","P.S. K721 - Brooklyn Occupational Training Center","64 AVENUE X","BROOKLYN","11223-5737","US-NY","","US",,"P.S. K721 - Brooklyn Occupational Training Center, 64 AVENUE X, BROOKLYN, US-NY, 11223-5737",,
"CUS000000447F","Abraham Lincoln Elem School","380 GREENFIELD AVE","GLEN ELLYN","60137-5310","US-IL","","US",,"Abraham Lincoln Elem School, 380 GREENFIELD AVE, GLEN ELLYN, US-IL, 60137-5310",,
"CUS000000448G","Albany Senior High School","101 W JEFFERSON ST","ALBANY","64402-1237","US-MO","","US",,"Albany Senior High School, 101 W JEFFERSON ST, ALBANY, US-MO, 64402-1237",,
"CUS000000449H","Unicoi County School District","100 NOLICHUCKY AVE","ERWIN","37650-1254","US-TN","","US",,"Unicoi County School District, 100 NOLICHUCKY AVE, ERWIN, US-TN, 37650-1254",,
"CUS000000450I","Centerville Elementary School","1529 WHITEHALL RD","ANDERSON","29625-1918","US-SC","","US",,"Centerville Elementary School, 1529 WHITEHALL RD, ANDERSON, US-SC, 29625-1918",,
"CUS000000451J","All Saints-St John Vianney Sch","28702 EUCLID AVE","WICKLIFFE","44092-2527","US-OH","","US",,"All Saints-St John Vianney Sch, 28702 EUCLID AVE, WICKLIFFE, US-OH, 44092-2527",,
"CUS000000452K","Yakutat School","429 FOREST HWY","YAKUTAT","99689-0429","US-AK","","US",,"Yakutat School, 429 FOREST HWY, YAKUTAT, US-AK, 99689-0429",,
"CUS000000453L","Cross Pointe Christian Academy","6750 HIGHWAY 362 W","WILLIAMSON","30292-3397","US-GA","","US",,"Cross Pointe Christian Academy, 6750 HIGHWAY 362 W, WILLIAMSON, US-GA, 30292-3397",,
"CUS000000454M","East Bernstadt Elem School","229 SCHOOL ST","EAST BERNSTADT","40729-6249","US-KY","","US",,"East Bernstadt Elem School, 229 SCHOOL ST, EAST BERNSTADT, US-KY, 40729-6249",,
"CUS000000455N","Jackson School","1730 JEFFERSON DAVIS HWY","CAMDEN","29020-3337","US-SC","","US",,"Jackson School, 1730 JEFFERSON DAVIS HWY, CAMDEN, US-SC, 29020-3337",,
"CUS000000456O","Jwood Raw Elementary School","10600 GREEN PASTURE DR","RENO","89521-5332","US-NV","","US",,"Jwood Raw Elementary School, 10600 GREEN PASTURE DR, RENO, US-NV, 89521-5332",,
"CUS000000457P","North Side Cmty School","3033 N EUCLID AVE","SAINT LOUIS","63115-1632","US-MO","","US",,"North Side Cmty School, 3033 N EUCLID AVE, SAINT LOUIS, US-MO, 63115-1632",,
"CUS000000458Q","Fairfax High School","3501 LION RUN","FAIRFAX","22030-1865","US-VA","","US",,"Fairfax High School, 3501 LION RUN, FAIRFAX, US-VA, 22030-1865",,
"CUS000000459R","Abraham Lincoln Elem School","380 GREENFIELD AVE","GLEN ELLYN","60137-5310","US-IL","","US",,"Abraham Lincoln Elem School, 380 GREENFIELD AVE, GLEN ELLYN, US-IL, 60137-5310",,
"CUS000000460S","Adams Central High School","222 W WASHINGTON ST","MONROE","46772-9799","US-IN","","US",,"Adams Central High School, 222 W WASHINGTON ST, MONROE, US-IN, 46772-9799",,
"CUS000000461T","Sunset Hills Elementary School","9503 WALNUT ST","OMAHA","68124-1155","US-NE","","US",,"Sunset Hills Elementary School, 9503 WALNUT ST, OMAHA, US-NE, 68124-1155",,
"CUS000000462U","Gadsden Elementary School","919 MAY ST","SAVANNAH","31415-5460","US-GA","","US",,"Gadsden Elementary School, 919 MAY ST, SAVANNAH, US-GA, 31415-5460",,
"CUS000000463V","Athens High School","501 WARRIOR WAY","ATHENS","62613-9473","US-IL","","US",,"Athens High School, 501 WARRIOR WAY, ATHENS, US-IL, 62613-9473",,
"CUS000000464W","Newman Elementary School","10275 ALCAN ST","EL PASO","79924-3416","US-TX","","US",,"Newman Elementary School, 10275 ALCAN ST, EL PASO, US-TX, 79924-3416",,
"CUS000000465X","Clare High School","201 E STATE ST","CLARE","48617-1317","US-MI","","US",,"Clare High School, 201 E STATE ST, CLARE, US-MI, 48617-1317",,
"CUS000000466Y","Swallows Charter Acad High Sch","278 S MCCULLOCH BLVD","PUEBLO","81007-2844","US-CO","","US",,"Swallows Charter Acad High Sch, 278 S MCCULLOCH BLVD, PUEBLO, US-CO, 81007-2844",,
"CUS000000467Z","Natomas Pacific Pathways Prep Middle School","3700 DEL PASO RD","SACRAMENTO","95834-9606","US-CA","","US",,"Natomas Pacific Pathways Prep Middle School, 3700 DEL PASO RD, SACRAMENTO, US-CA, 95834-9606",,
"CUS0000004680","Boyd Elementary School","500 E MORTON AVE","BOYD","76023","US-TX","","US",,"Boyd Elementary School, 500 E MORTON AVE, BOYD, US-TX, 76023",,
"CUS0000004691","Collegiate Charter High Sch-La","725 S INDIANA ST","LOS ANGELES","90023-1840","US-CA","","US",,"Collegiate Charter High Sch-La, 725 S INDIANA ST, LOS ANGELES, US-CA, 90023-1840",,
"CUS0000004702","District 1 Contoocook Valley","106 HANCOCK RD","PETERBOROUGH","03458-1109","US-NH","","US",,"District 1 Contoocook Valley, 106 HANCOCK RD, PETERBOROUGH, US-NH, 03458-1109",,
"CUS0000004713","Amanda Elzy Jr High School","604 ELZY AVE","GREENWOOD","38930-6720","US-MS","","US",,"Amanda Elzy Jr High School, 604 ELZY AVE, GREENWOOD, US-MS, 38930-6720",,
"CUS0000004724","Nye Elementary School","1970 NYE HWY","NYE","59061","US-MT","","US",,"Nye Elementary School, 1970 NYE HWY, NYE, US-MT, 59061",,
"CUS0000004735","Burnet Middle School","1401 N MAIN ST","BURNET","78611-1041","US-TX","","US",,"Burnet Middle School, 1401 N MAIN ST, BURNET, US-TX, 78611-1041",,
"CUS0000004746","Jack Franscioni Elementary Sch","779 ORCHARD LN","SOLEDAD","93960-3375","US-CA","","US",,"Jack Franscioni Elementary Sch, 779 ORCHARD LN, SOLEDAD, US-CA, 93960-3375",,
"CUS0000004757","Pima Junior High School","131 S MAIN","PIMA","85543","US-AZ","","US",,"Pima Junior High School, 131 S MAIN, PIMA, US-AZ, 85543",,
"CUS0000004768","Our Savior Lutheran School","","OSHKOSH","54904","US-WI","","US",,"Our Savior Lutheran School, OSHKOSH, US-WI, 54904",,
"CUS0000004779","Yakutat School","429 FOREST HWY","YAKUTAT","99689-0429","US-AK","","US",,"Yakutat School, 429 FOREST HWY, YAKUTAT, US-AK, 99689-0429",,
"CUS000000478A","Segerstrom High School","2301 W MACARTHUR BLVD","SANTA ANA","92704-7168","US-CA","","US",,"Segerstrom High School, 2301 W MACARTHUR BLVD, SANTA ANA, US-CA, 92704-7168",,
"CUS000000479B","Duval Charter Sch Mandarin","5209 SHAD RD","JACKSONVILLE","32257-2005","US-FL","","US",,"Duval Charter Sch Mandarin, 5209 SHAD RD, JACKSONVILLE, US-FL, 32257-2005",,
"CUS000000480C","Alameda Cmty Lrng Center","1900 3RD ST","ALAMEDA","94501-1898","US-CA","","US",,"Alameda Cmty Lrng Center, 1900 3RD ST, ALAMEDA, US-CA, 94501-1898",,
"CUS000000481D","Early Childhood Center","1300 MLK BLVD","CROCKETT","75835-3140","US-TX","","US",,"Early Childhood Center, 1300 MLK BLVD, CROCKETT, US-TX, 75835-3140",,
"CUS000000482E","Wimbish Adventist School","640 WIMBISH RD","MACON","31210-4316","US-GA","","US",,"Wimbish Adventist School, 640 WIMBISH RD, MACON, US-GA, 31210-4316",,
"CUS000000483F","E W Luther Elementary School","718 HAWTHORNE AVE","SOUTH MILWAUKEE","53172-1734","US-WI","","US",,"E W Luther Elementary School, 718 HAWTHORNE AVE, SOUTH MILWAUKEE, US-WI, 53172-1734",,
"CUS000000484G","Mead Elementary School","115 N ELM ST","MEAD","68041-3203","US-NE","","US",,"Mead Elementary School, 115 N ELM ST, MEAD, US-NE, 68041-3203",,
"CUS000000485H","District 73 Gilford","2 BELKNAP MOUNTAIN RD","GILFORD","03249-6807","US-NH","","US",,"District 73 Gilford, 2 BELKNAP MOUNTAIN RD, GILFORD, US-NH, 03249-6807",,
"CUS000000486I","Parkview Elementary School","3030 CORNWALL AVE","BELLINGHAM","98225-1817","US-WA","","US",,"Parkview Elementary School, 3030 CORNWALL AVE, BELLINGHAM, US-WA, 98225-1817",,
"CUS000000487J","Clifford O Findlay Middle Sch","333 W TROPICAL PKWY","NORTH LAS VEGAS","89031-1834","US-NV","","US",,"Clifford O Findlay Middle Sch, 333 W TROPICAL PKWY, NORTH LAS VEGAS, US-NV, 89031-1834",,
"CUS000000488K","Clifford O Findlay Middle Sch","333 W. TROPICAL PARKWAY","N. LAS VEGAS","89031-1834","US-NV","","US",,"Clifford O Findlay Middle Sch, 333 W. TROPICAL PARKWAY, N. LAS VEGAS, US-NV, 89031-1834",,
"CUS000000489L","West Contra Costa Usd","1400 MARINA WAY SOUTH","RICHMOND","94804-3747","US-CA","","US",,"West Contra Costa Usd, 1400 MARINA WAY SOUTH, RICHMOND, US-CA, 94804-3747",,
"CUS000000490M","West Contra Costa Usd","1108 BISSELL AVE","RICHMOND","94801-3135","US-CA","","US",,"West Contra Costa Usd, 1108 BISSELL AVE, RICHMOND, US-CA, 94801-3135",,
"CUS000000491N","Lancaster Central Elem School","275 E JACKSON ST N","BLUFFTON","46714-9298","US-IN","","US",,"Lancaster Central Elem School, 275 E JACKSON ST N, BLUFFTON, US-IN, 46714-9298",,
"CUS000000492O","Magen David Academy","HOWARD","","",,"","PA",,"Magen David Academy, HOWARD",,
"CUS000000493P","Quincy Middle School","32 FULTON ST","QUINCY","49082-1172","US-MI","","US",,"Quincy Middle School, 32 FULTON ST, QUINCY, US-MI, 49082-1172",,
"CUS000000494Q","Global Leadership Academy","8340 INTERSTATE 35 S","SAN ANTONIO","78224-1305","US-TX","","US",,"Global Leadership Academy, 8340 INTERSTATE 35 S, SAN ANTONIO, US-TX, 78224-1305",,
"CUS000000495R","Lewisville Ind School District","1800 TIMBER CREEK ROAD","LEWISVILLE","75028-1146","US-TX","","US",,"Lewisville Ind School District, 1800 TIMBER CREEK ROAD, LEWISVILLE, US-TX, 75028-1146",,
"CUS000000496S","Okmulgee High School","415 W 3RD ST","OKMULGEE","74447-3205","US-OK","","US",,"Okmulgee High School, 415 W 3RD ST, OKMULGEE, US-OK, 74447-3205",,
"CUS000000497T","Mcalear Sawden Elem School","2300 MIDLAND RD","BAY CITY","48706-9486","US-MI","","US",,"Mcalear Sawden Elem School, 2300 MIDLAND RD, BAY CITY, US-MI, 48706-9486",,
"CUS000000498U","Phoenix Horizon Cmty School","1072 CARDINAL DR","GEORGETOWN","40324-9627","US-KY","","US",,"Phoenix Horizon Cmty School, 1072 CARDINAL DR, GEORGETOWN, US-KY, 40324-9627",,
"CUS000000499V","Crowheart Elementary School","223 N CHERRY ST","PAVILLION","82523-5005","US-WY","","US",,"Crowheart Elementary School, 223 N CHERRY ST, PAVILLION, US-WY, 82523-5005",,
"CUS000000500W","Scranton Elementary Steam Acad","1649 US 52 HWY","SCRANTON","29591-6300","US-SC","","US",,"Scranton Elementary Steam Acad, 1649 US 52 HWY, SCRANTON, US-SC, 29591-6300",,
"CUS000000501X","Marshall Elementary School","3260 OXFORD MILLVILLE RD","OXFORD","45056-9430","US-OH","","US",,"Marshall Elementary School, 3260 OXFORD MILLVILLE RD, OXFORD, US-OH, 45056-9430",,
"CUS000000502Y","Aleman School Samborondon","W5G7 QW 4","SAMBORONDON","",,"","EC",,"Aleman School Samborondon, W5G7 QW 4, SAMBORONDON",,
"CUS000000503Z","Swallows Charter Acad Elem Sch","101 W CITY CENTER DR","PUEBLO WEST","81003-1013","US-CO","","US",,"Swallows Charter Acad Elem Sch, 101 W CITY CENTER DR, PUEBLO WEST, US-CO, 81003-1013",,
"CUS0000005040","Swallows Charter Acad Elem Sch","101 W CITY CENTER DR","PUEBLO","81003-1013","US-CO","","US",,"Swallows Charter Acad Elem Sch, 101 W CITY CENTER DR, PUEBLO, US-CO, 81003-1013",,
"CUS0000005051","Boyd Elementary School","500 E MORTON AVE","BOYD","76023","US-TX","","US",,"Boyd Elementary School, 500 E MORTON AVE, BOYD, US-TX, 76023",,
"CUS0000005062","Our Savior Lutheran School","","OSHKOSH","54904","US-WI","","US",,"Our Savior Lutheran School, OSHKOSH, US-WI, 54904",,
"CUS0000005073","Goshen Central School Dist","227 MAIN ST","GOSHEN","10924-2195","US-NY","","US",,"Goshen Central School Dist, 227 MAIN ST, GOSHEN, US-NY, 10924-2195",,
"CUS0000005084","Journey East Academy","6870 WINCHESTER RD","MEMPHIS","38115-4402","US-TN","","US",,"Journey East Academy, 6870 WINCHESTER RD, MEMPHIS, US-TN, 38115-4402",,
"CUS0000005095","Arlington Heights Elem School","700 W PARRISH RD","BLOOMINGTON","47404-1999","US-IN","","US",,"Arlington Heights Elem School, 700 W PARRISH RD, BLOOMINGTON, US-IN, 47404-1999",,
"CUS0000005106","Memphis Acad-Sci & Engineering","1266 POPLAR AVE","MEMPHIS","38104-7269","US-TN","","US",,"Memphis Acad-Sci & Engineering, 1266 POPLAR AVE, MEMPHIS, US-TN, 38104-7269",,
"CUS0000005117","Samoset Middle School","51 SCHOOL ST","LK RONKONKOMA","11779-2231","US-NY","","US",,"Samoset Middle School, 51 SCHOOL ST, LK RONKONKOMA, US-NY, 11779-2231",,
"CUS0000005128","St Mary of the Woods School","10521 FRANKLIN ST","WHITESVILLE","42378-9723","US-KY","","US",,"St Mary of the Woods School, 10521 FRANKLIN ST, WHITESVILLE, US-KY, 42378-9723",,
"CUS0000005139","St Mary of the Woods School","10521 FRANKLIN ST","WHITESVILLE","42378-9723","US-KY","","US",,"St Mary of the Woods School, 10521 FRANKLIN ST, WHITESVILLE, US-KY, 42378-9723",,
"CUS000000514A","Gravette Middle School","607 DALLAS ST SE","GRAVETTE","72736-8744","US-AR","","US",,"Gravette Middle School, 607 DALLAS ST SE, GRAVETTE, US-AR, 72736-8744",,
"CUS000000515B","U S Grant High School","5016 S PENNSYLVANIA AVE","OKLAHOMA CITY","73119-4932","US-OK","","US",,"U S Grant High School, 5016 S PENNSYLVANIA AVE, OKLAHOMA CITY, US-OK, 73119-4932",,
"CUS000000516C","Sand Lake Elementary School","8301 BUENAVISTA WOODS BLVD","ORLANDO","32836-6031","US-FL","","US",,"Sand Lake Elementary School, 8301 BUENAVISTA WOODS BLVD, ORLANDO, US-FL, 32836-6031",,
"CUS000000517D","Ashby Ind School District 261","300 BIRCH AVE","ASHBY","56309-4718","US-MN","","US",,"Ashby Ind School District 261, 300 BIRCH AVE, ASHBY, US-MN, 56309-4718",,
"CUS000000518E","Ashby Ind School District 261","300 BIRCH AVE","ASHBY","56309-4718","US-MN","","US",,"Ashby Ind School District 261, 300 BIRCH AVE, ASHBY, US-MN, 56309-4718",,
"CUS000000519F","Banks School","9769 N US HIGHWAY 29","BANKS","36005-3209","US-AL","","US",,"Banks School, 9769 N US HIGHWAY 29, BANKS, US-AL, 36005-3209",,
"CUS000000520G","Centralia Middle School","901 JOHNSON RD","CENTRALIA","98531-1429","US-WA","","US",,"Centralia Middle School, 901 JOHNSON RD, CENTRALIA, US-WA, 98531-1429",,
"CUS000000521H","Goodwill Independent Study","16350 MOJAVE DR","VICTORVILLE","92395-3655","US-CA","","US",,"Goodwill Independent Study, 16350 MOJAVE DR, VICTORVILLE, US-CA, 92395-3655",,
"CUS000000522I","Cross Pointe Christian Academy","5224 HOLLONVILLE RD","WILLIAMSON","30292-3539","US-GA","","US",,"Cross Pointe Christian Academy, 5224 HOLLONVILLE RD, WILLIAMSON, US-GA, 30292-3539",,
"CUS000000523J","Parkway Elementary School","5200 BRYANT PKWY","ALEXANDER","72002-2879","US-AR","","US",,"Parkway Elementary School, 5200 BRYANT PKWY, ALEXANDER, US-AR, 72002-2879",,
"CUS000000524K","Cherry View Elementary School","8600 175TH ST W","LAKEVILLE","55044-7892","US-MN","","US",,"Cherry View Elementary School, 8600 175TH ST W, LAKEVILLE, US-MN, 55044-7892",,
"CUS000000525L","Luella Elementary School","575 WALKER DR","LOCUST GROVE","30248-2074","US-GA","","US",,"Luella Elementary School, 575 WALKER DR, LOCUST GROVE, US-GA, 30248-2074",,
"CUS000000526M","Roaring Fork High School","2270 HIGHWAY 133","CARBONDALE","81623-9271","US-CO","","US",,"Roaring Fork High School, 2270 HIGHWAY 133, CARBONDALE, US-CO, 81623-9271",,
"CUS000000527N","Bane Elementary School","5804 PREMIER ST","HOUSTON","77040-2692","US-TX","","US",,"Bane Elementary School, 5804 PREMIER ST, HOUSTON, US-TX, 77040-2692",,
"CUS000000528O","Bane Elementary School","5804 PREMIER ST","HOUSTON","77040-2692","US-TX","","US",,"Bane Elementary School, 5804 PREMIER ST, HOUSTON, US-TX, 77040-2692",,
"CUS000000529P","Northside Elementary School","1000 RIDGECREST ST","ANGLETON","77515-3522","US-TX","","US",,"Northside Elementary School, 1000 RIDGECREST ST, ANGLETON, US-TX, 77515-3522",,
"CUS000000530Q","Quincy Middle School","32 FULTON ST","QUINCY","49082-1172","US-MI","","US",,"Quincy Middle School, 32 FULTON ST, QUINCY, US-MI, 49082-1172",,
"CUS000000531R","John Adams Elementary School","1822 NATIONAL AVE","MADERA","93637-4399","US-CA","","US",,"John Adams Elementary School, 1822 NATIONAL AVE, MADERA, US-CA, 93637-4399",,
"CUS000000532S","Hubert Howe Bancroft Mid Sch","929 N LAS PALMAS AVE","LOS ANGELES","90038-2422","US-CA","","US",,"Hubert Howe Bancroft Mid Sch, 929 N LAS PALMAS AVE, LOS ANGELES, US-CA, 90038-2422",,
"CUS000000533T","Hubert Howe Bancroft Mid Sch","929 N LAS PALMAS AVE","LOS ANGELES","90038-2422","US-CA","","US",,"Hubert Howe Bancroft Mid Sch, 929 N LAS PALMAS AVE, LOS ANGELES, US-CA, 90038-2422",,
"CUS000000534U","Hedgcoxe Elementary School","7701 PRESCOTT DR","PLANO","75025-2838","US-TX","","US",,"Hedgcoxe Elementary School, 7701 PRESCOTT DR, PLANO, US-TX, 75025-2838",,
"CUS000000535V","Pasteur Elementary School","5825 S KOSTNER AVE","CHICAGO","60629-5238","US-IL","","US",,"Pasteur Elementary School, 5825 S KOSTNER AVE, CHICAGO, US-IL, 60629-5238",,
"CUS000000536W","Bradley Elementary School","3032 PINE BELT RD","COLUMBIA","29204-2707","US-SC","","US",,"Bradley Elementary School, 3032 PINE BELT RD, COLUMBIA, US-SC, 29204-2707",,
"CUS000000537X","Crowheart Elementary School","11162 US HIGHWAY 26","CROWHEART","82512","US-WY","","US",,"Crowheart Elementary School, 11162 US HIGHWAY 26, CROWHEART, US-WY, 82512",,
"CUS000000538Y","St Bartholomew School","8003 MIRAMAR PKWY","MIRAMAR","33025-3004","US-FL","","US",,"St Bartholomew School, 8003 MIRAMAR PKWY, MIRAMAR, US-FL, 33025-3004",,
"CUS000000539Z","Pasadena Park Elem School","8508 E UPRIVER DR","SPOKANE","99212-1764","US-WA","","US",,"Pasadena Park Elem School, 8508 E UPRIVER DR, SPOKANE, US-WA, 99212-1764",,
"CUS0000005400","Highlands Elementary School","2022 COLONIST PARK DR","SUGAR LAND","77478-4437","US-TX","","US",,"Highlands Elementary School, 2022 COLONIST PARK DR, SUGAR LAND, US-TX, 77478-4437",,
"CUS0000005411","Hillel Academy","51 UPPER MARK WAY","KINGSTON","",,"","JM",,"Hillel Academy, 51 UPPER MARK WAY, KINGSTON",,
"CUS0000005422","Taconic Hills Elem School","73 COUNTY RTE 11A","CRARYVILLE","12521-5510","US-NY","","US",,"Taconic Hills Elem School, 73 COUNTY RTE 11A, CRARYVILLE, US-NY, 12521-5510",,
"CUS0000005433","Sowers Alternative High School","2400 E WASSALL ST","WICHITA","67216-2343","US-KS","","US",,"Sowers Alternative High School, 2400 E WASSALL ST, WICHITA, US-KS, 67216-2343",,
"CUS0000013015","BELLE PLAINE HIGH","822 N MERCHANT","BELLE PLAINE","67013","KS",,"USA","SUMNER",,"(620) 488-2421","0008"
"CUS000001401X","Andrews Child Development Ctr","116 ELM AVE","TAKOMA PARK","20912-4610","US-MD","","US",,,,
"CUS000001501P","MONDOVI HIGH","337 N JACKSON ST","MONDOVI","54755","WI",,"USA","BUFFALO","MONDOVI HIGH, 337 N JACKSON ST, , MONDOVI, WI, 54755","(715) 926-3656","1197"
"CUS0000014040","ROGERS PRIMARY SCH","705 SCOTT AVE","GLENSHAW","15116","PA",,"USA","ALLEGHENY","ROGERS PRIMARY SCH, 705 SCOTT AVE, , GLENSHAW, PA, 15116","(412) 492-1200","NOT AVAILABLE"
"CUS000001502Q","MONROE SPECIAL ED PRESCHOOL","200 E FREMONT","MONROE","98272","WA",,"USA","SNOHOMISH","MONROE SPECIAL ED PRESCHOOL, 200 E FREMONT, , MONROE, WA, 98272","(360) 804-2500","2336"
"CUS000001601H","DOUGLAS ELEMENTARY","215 SOUTH EAST DIGGS ROAD","TRENTON","29847","SC",,"USA","EDGEFIELD","DOUGLAS ELEMENTARY, 215 SOUTH EAST DIGGS ROAD, , TRENTON, SC, 29847","(803) 275-1752","NOT AVAILABLE"
"CUS000001602I","SUNSET VISTA","7775 W ORANGEWOOD AVENUE","GLENDALE","85303","AZ",,"USA","MARICOPA","SUNSET VISTA, 7775 W ORANGEWOOD AVENUE, , GLENDALE, AZ, 85303","NOT AVAILABLE","NOT AVAILABLE"
"CUS0000014051","ALDO LEOPOLD CHARTER","1422 HWY 180 EAST","SILVER CITY","88061","NM",,"USA","GRANT","ALDO LEOPOLD CHARTER, 1422 HWY 180 EAST, , SILVER CITY, NM, 88061","(575) 538-2547","NOT AVAILABLE"
